$ANSIBLE_VAULT;1.1;AES256
37366364313264646538393436353264376534353665336432333537323431613733636233613531
3337616336636539646430346535393064303436623764630a326335656566333665643238363362
32323766326161643761663564646362373464346532386361336634343135393936643061316162
3838326237616661660a616635636639663836316136383032643462363262386231626430336661
38623738333261353830383137373732643466653561333261346236333834643662376663343930
37623861333835303138326561623838373565303138343131666330333337373733633966303439
39393561386335616230636130356461306638353136316535363465373762383636346539666364
36333831333631303637656462303533643938393661323061303634363838613138343461303635
30356234343733653061316134343339666165656338663935343836353538613161316166666237
63393162323363313036363138653130393339383931316163303666613530386138666637396239
64336438663736306136343136636366393736303965616236326266663864626132303236386634
34333937306530653665643535353166353339613665323933623633373761346564323633396365
30613261316361363161313133376534363662663361653963353130646237353163663830313265
64653637393234353765363538623230393564626565613865333063313663383530313231356434
64313530343836366437313136343735303036343764643364393835626432666431633739396263
39643263336263323665316361353630656232386662343139376336386563323136653063343931
65373631323665363739666135343639386363343166626139646361306339396435373730333539
39666231373630623337323839346530613565663864356634636566333262613733646162643736
36343832306234366566323138653632653661363564636365386632313363396132373639353538
66333536633533653062373434396237646332613466313966363066336533333332306264643735
38633337633966336236336364303332363661303637373662356335323234303530346661626232
36303463366563396261656633613861653866346366383833636363666266313439383063643630
38396539316164626336313164393733306537356338363863656662656464356331383937366239
34373830333634656431313038643031636361393035383963393663343361333436326230663634
61313365323538643036313532613637383662663765343661633534346134316230353463653339
62316364393264643236393462393435626533623263313462343733363734646138613262346535
36336633326437353465616266613261633830343833373138353964333337346165326539343763
33303336356538353235336331653165386265613039636531333433386565666664313665313637
31306234643766353662393937663264653936626234353834343734336466356162333037376630
34316437323131363337386135366234393434306336666135616130613132666637386366306165
30333366636135353939383165336433613136623663303531386434373861633633623266323865
35333863396339633134353863373039313230323265633266323839313265333162353632616330
37306462313736636561386631663230356532653664343231396164396161376461633061316666
36666662383961306261376537636462333538353636386665613932373939313364336464653565
34353538393463323035663065636232393531306133316531393435336632316663663161376465
31346235343861623337383565393165396237346232303665333836613937323161343430626132
62643731303639666263363664306536343836376566333563323664663137666632353663663138
63353263633239623961613138643135363065623432646230643634323936303332316438626535
38633935333034393262363565326239336230336461346636393234386135626166663362363135
37663037633238653762363134313263643266353338656238663637303938383265356461623336
61363938373839353432383730656437383639633966306163636435663238373263613965326636
39316561336434656336633731616135643431613837313130393433623233356132356635623933
61656635343166363863373136646661633063363761636334616231323631653036626561663164
66636234323966386261613332303562633537343938396637383465393634653162336164393261
64613463633334336164656264666335356538663139613337633234663735653435363834646465
33623938376630393361333835306139653438663931613931323663303832663930383036646233
36636565326634346233326163636430313166386231333836303264323736653931376136376266
30656230633131323038373765623135323733643365633037663462343932303866616666383933
66366337626636353230353666383038643765333264306665303532353163316535363933346261
30303064303431616530373532313532373636633832373535636635336331333035376262306666
65303064343631393761326665313238373833366164613435623435613834323236323632613632
35346265636565346230656432373439333736393335323938666133303736643230363132316539
39653635373531383566333431643338653263353130393539383063343230396136343130393736
63633239666436663537316637363331303964373739613965636239623934333630313963666432
33376164633837376438623361626332666364333830396165366464656130396363383935326365
36373638646364633739336630336133353830663833643264323934616462303963346337333061
66396465383637323936346262373961353635343034303339336538636134313262356166613862
63636634643031393735356430303132393264326239346366303566643265616363663430666632
64613031386534383064333437626261666561616538626661626566613339393633383734353037
30376266396465613532336534306332616635623531363931363237666632323533633534343366
31396539646161343937353332303166653965626462373939383231643661333465323663616461
31646634333738393763356339356661313761316339373337383464323836336637303631383961
62663731383834646130316139633533643864343236656639323537323437616233623439656132
39636539373736393036646633653431386134373466346162626466303732346266663131373837
31376361386536313539303936653130393961383236656537336235303538396362343863373837
34626666393665623438616331353563323833313734396235316539656536373033666334353565
30376131303333626566393962366233366336656636643432393238623539653361636536643062
64376631653231356536363064646233313862363839326263363764343437623030623766386161
61373536616362666530653632346466646235383938336631333366343265626562393631616263
30613139313262343236336233616533306261373638396663386565633933366334306563386538
61356538343834396336303138613734373731623131643364306631353838306666346638633633
66373466653830396139326564366561636237613233623834656637323662623065373930616163
35363435366565636239613035633333383034313563386461646136363235353336353762363237
64303732363365363635633263393831303436613637356439383965613532633230336464383164
37646465333734653633356137313536646233636466323537363234376163353961356436363133
31363338633730303834336634623964346666303937383431333666373430656161376431393436
65343462326364386537373332343461643261623134643166393463346135646461323139633538
31343538613766633433306335343931333435356165326366313034373864633035373763636566
66353534663566346233613234316539376233623233383237366338323538316636623264336235
39366633363666653862363963346333613966373938333065393764656339393635373439623663
33326637383265313866396466356431623132626532366361616263646339663164363932303966
65393738656164653761396135383837376632353437333938643139383634633461653231663065
64303237303232386465366236353138306333663339306231313862343235636263643533343762
61346236363866313866306634313135373131323237373434613639643534373562613963326435
31363634306138393666623362376635383263343735333335363838363536333135626334623462
39613464653561306435306532313338633737663239313831633462353231303664393164333065
38626266616533616134333234386436363937653166336461303862383530613734303736653635
38346435396239343639626331366134323061626133666430373666386465303663643964343735
36643233303265386361623637623363356664396336353464363462376162386135326561333736
33373632316336343163383831316534393266363831316434613935626462343032333230303535
37326365373864366133616563636466313630666166396231343363613637396165356330326363
65633961346635653939373263383537656535323938303334333636346562326636363563626431
32303565653763356236623133343138346238353734383664373237363364633439653632383338
34376565643036333038356132393761313537656635393631373036376637336139666433306135
63613339653963366633306430623134366139633365643535346631353133306538303737656137
63336365396365386263356335363434313666363238666563633134383863633832303866633764
37653938383238396531653839646362376132623835373631623135356634326363633339333032
35333739326332343035336239393539373733396466353766326231336664376163323231313436
32303634623161616439336535383062343034393561396366656438313863313062373262663534
37616262363037313730363833333134373361643038393439366566626533393261393036666666
63626630623935383762393431313462366361353034356262343937653965656339333331623834
65353930653538366634303861646434616466336366663865663438303361303838316238656530
30396638613663313266326635633133333639333835613736386438376436346231383935333138
36343465363462316164363538356638643765663133316432306664653864333763653232383331
31653738326136383131636339653336393139646535386538363933376236326231656339343938
36303532373665633834323736386639323063323565376264323564623965623535646466653734
61306133323337326132666536393165653162646334323739326430633566336231663162303063
66353561633638326435313530323337303335303431306235656234333964626636376132643234
30336531363663626531666432643762623734303333636632316339613333393263376434356635
30343732363263333161386666376333316335336337626561313563363664386234303862626236
62323966306630303439323433383863306466633564313332646435333331376465333461636565
31616662626139633536313539663839383435343338373763626565323166636363303936333635
39366663333031636664393330323363396534636363326262386465313061336634623135313439
30303935313333393030323636313561663434303130383337613063643137663762313837333064
62623136616534363231376335616331333935613135643362616134623032636163343031623461
32333831356531333565633639663634636365633266303833303831363563656161613762303662
38623335633439363238646231316462346366313832646433643533373933323162396563613334
66316534663162373331653937643866376533613263363964323365303066343664613333393534
30366365383565633166393764353536626132633934646238393963343762356536613130376230
34636230376130396333386232353034613466313231626162393339633637326135393430306132
35656566633966656564643532313363623239333636346535346266393431396337613832373730
31323037373765356336353732343037353965363966343437333534653261393164656537343239
63383132313638666431656634323565616538646530613135666332356264326232323337636437
62336266336533376666303565343036663564626665333634626231663339316531633033636563
62373938393232383631643139383735303030626130386334616263326264303930366133633665
65336435343938633637343835396331353132303562666634323936316462633032393132633064
63386561366662393635373332616236323163393834323162373065306263343333373661323161
34333233376336353230383063363939313830633661313339373864633236306165336262616236
31376334313438363638363166303864356333646139636665343061623434353634333736313164
38376637303036666363323032663466386463623038646435313534373065366534386137386432
66616264613263643163346532383365303835313631623837336535313065636430333562623235
39383131353032646132636463626366663734653861313161383932663338343130656237386636
39303932303466343337626432303564393539316535366561363633643230313437353162333938
39316465326336323835616233643036623465316463353132633431626138363037363465663439
39653338343734346634623761336237363333633835393763376130343736313763393265343962
37373631653131313062383861313563303436646261393734626166326564383165623136656165
63653732376563396635393964353731356135613438303863653735666364633034616561616533
33346539326132356539346664666461633233346466633866396537666166303537306239343437
31313933343839613932646536366439346337656338636334666530393566353034386430356365
35376432316432323331396530626337653038643863366461633832316234666433653331636239
32373061343732383430356133663032343763653865663734353965623734386561326434366536
31613431323136323335303630383936633832646564376438353732343766313865633465316631
66646266373934613135373566653035633838623238616164616139373964356431373233626337
31386330396631656566363035396564623061343730313139653361613161316362306233376435
63396166643464316538663965623336303035333035636431343563303932306531633237366664
37326536393136383864313437396333386130353863393332333963666334323237396361666330
66623462313034633034363436613262333733616463306433333461326361616236353533333533
61626664343630313332363364366234323661653531323933656333613264393230393239303162
35636631616464343464383733383234636361643437303662356539306161383038613835623433
61303238646134326333643466636266353737373062346639386564663935303335356636373965
37333139393535343730326430626139336338643730393939356433643264616432376561623032
38346463323132303035323465616262366563353632396532636565316665373063316331663936
62663337326236383365313962373661616438323437383065333735366265643435333863616164
31616133373561326365636435386131666631323231373833333161626333343666653562653836
36373534353064383261366136383638366337383665323430343233666430336533656432353464
65333337316466653835393666323436313430393635366230646464633637623537353231393438
36643839343861316433656135666662383632613736303366366133646136623966346237313437
36323737656234303938376364326539393335376135323139663761663333633962303132353361
33343635626630353432313263396134626531323639646162353533633362376132643735393161
64396335623766633738336233363930373361373461333763316462653135386461313763646666
35366530626234646564326562363831336434376237346639396434656661363366376537376663
37646665653764306136353866313666386433346236353263663765643764656664396131316663
38313237626165353432613966333635313936313636643036316563653365303163376662316235
37336436313136636261363239386635666534613165626464386335326639323664613031613664
39383663376666343535623838663661643338323437663538646365613134316131396430626131
30613864313534366564313062363937343838643836363737356238383266363266333261356635
34313430653732346266663065303531306433303162313831303735663364306266373837613932
36656531353566623732306439313530393262666535303661323765393966363335333636626664
65393931613833653134343764323263636633383334666535353565646365336132303337303030
61343238666663313963313864376136323130333535323561616263616236616235363561633161
61343034303830386635316562356133313866646536616536363737663834363036383131373436
33326230303135356266636465366661636363613762303361613532363964653839316262633138
31313165633361636435383439616135643562643330613031636436316236333963353730343734
33313361313830363966396566663732393138343530393161363464373034366633373665326162
36343239613739613934316637613432326465313738363930663264393236623931373139393635
30356331393433373935306535643239333537633566656633663966336161396237333863336161
62636262373835303430363339636465653531346364393237653637313837616331636332396533
62383636313964393430613036376336336534316161396361333933303035666230636433313635
32613830663766363935323266306436353130396632323836336339306336353263316437633663
31323537343534333565353135313631376435396236613138323166373234393765383635633139
36383866316263306335663037353963343934313363616661356438376362333536633163336130
34363137356534646539376436323330656236636639326366393533343032316462383962373435
33363532636135633164616637383133333666666166663030303063626634353631656537646231
30366639356161383131643832666539303330323065323065663962356136343236313437333137
32383030326439323136626130393536306165353161616539663164343334316433383032326634
61383139353462656266653933656231396361343632393463363263646433396561643131353139
33653561353235306435353864363061613337376237336465633533656633303939323735616531
35613864316663316565633433656532623531626665623634633764623961616433386162613436
37373239623332626338643035343731303837623234373464623463663939626263306636313838
31633430623033306239616136653463396334643835386436333363323365363637316539616163
38383439616238623938373665303232643165663137343434393731653531313936386665653937
38346335393665346563643131656337353635326231656535616464633865653162373031623865
34636430346438626564363235366366346666643062636464376564383431383632396639626637
37303334646231343462316466643564303737353937386261313338653835623565396366356232
31333434363863356162353239663666386430383832653238633866616166323432333532396366
63336565616431363035646431356337613734623236323465303132646430383538343732313135
37376162343338353533633965653463333931343361396535376133613435623365636234616635
33666232346637363839323766636533313832666534353565383063356261356536393466666565
38343037613763336330623531346563366137353431353866343636393038653031313438323439
38653631343234623864333335346263343631666136383264316233386630393337306664313332
39353238666363356430643236326635653539333664303835383438376562383364653431643566
65383531343165633031393161313237343765333430326336346533386263623861663733386461
64633734393637633662623566323563613634393831626536636264633465623839376262316433
64373435386439656430636132656637323465306136613166656638356261323933336562363334
35623834313537343461656266366237346135643363313565343633363266313039323639306434
32633830393834306266633937363730366134376538303635373333656663636562333831313236
33666366623439373235313338313035336439316630306232383433613530303563383864623061
65396139396538326433396462653331363232366331363731333463613063663866626237363764
38306537306437343866636238656338653439643235626334666332383839393039393163313537
38353463653733636136306563613532363137663935613738386236333731643634363563653566
63633164623637633361373938326264663237346230383331626531663030303136653864666430
35356163613965616439646462633435336562303239386336386132366562323563616139616634
64386436353163613366353736633031353137633962393835663463393132373031616338333735
61306661356632636566626331616339666538353137626339373938643034323066306135383930
64333036396366386435393137353334623838623835616135613233663263383462363235363131
37353863323233363332366338396637363531313433656538383865393564343932323962626238
65363637353739393861386230616637613935343764626562393532343731636433343731303762
37616330323462336662633337623161386135363638313038303033636234393639373766333863
38623630656331363131643637333763643533633063393137323038363532663539303863373961
61333837336234666661393362323633663963323336313334383063333861336634623630306632
36353531393362613464613431623630373438343030333832633834646666386465396662373733
38626165373561633137366362363236613039613864613437356335373032363839333066393530
39356561316436373137373731303838343937646462313966363039326332633337656238366534
61383366373136653635633865326364626439653161636632383431323835623534646635363931
64363864633133343336666336393933376635316564613037303234363562373166323034626133
62343564363066306364326539303839393334313734326530646365623063353534643662323735
63656531383766653564326236613131356431633138653833346535336662356666306362313364
61636631316437343664356633366363386636326631613332303538366137303730343432343366
66353530653638383665396264366332613839323031346364663266343631393637353733663766
66373035303134313135376537363530366135623534326165343361333830316335623963613932
33386364313366643766393234373731313732623162383936396365623365313261356638323831
61623237663131626231343736633434663064303364313937663033383235623230643761663561
35353862346266306362653632626233393138643632643937363862373236653132313332343339
39626164633732306136306537333535623436323930346536636335333666643636333062386435
65333636386330613063656337333330656238343435613536363731353335663235306636393562
30633262303034343162386338303463363238656230326138323630386662393732393062303565
66313562613138396333303065386630326535663063363862646235326336613632376631373931
63363830393533346632643363663939373332633930633838656231396338393331356637346134
33666434333933613963623738396662323462613361303336363562396166653465643430303565
66636664303262373533396362646437636238636434646166333938393239366230336636373663
31303539663138323838656338336231613334333035346464386364323664346461343635666535
36643564303037353363323130336531336236623466303036383965343165616633626534383332
61313330626565613631373334626164623936346561353033306362366563356132653236626163
63646162656436316662323938646330393937343637333332393930656563313836306135373333
33353563313831316566653133363237393932346463316363643232633630326633373461363333
66636536616165353839633738333032326134396134643962373133633036633066383063633039
34323461383138363739326161666439386663646631633839636438393164303663343039393236
61303261373131613632373234643166316465326239396666656532316438643835356362306237
36343963396534643234326265313735353736613735356634336632323163396566653262326538
31363739316462323030376532303762356132336432663339656130396636626639653361386364
32666662333032396435353531326266656536623564393866373161356363383461316365643838
30663664366532383361633430653462663035386135376166356136366563346638363964653265
38376537643164393539313363333931363961323534626338386336376133643137396532326462
36643939383764626161666362343263323861313536316563366630313333363930306632613662
32633631626432666135366562336534356462636635326365333164626636373665353135623538
32356439373936643534383734346561383637306564363136313266393266303534373966346665
66663563306439323133616463666139623530383531383864626237333336643834663763353432
66333236653162643930303665626637333532333731653034343461623164663261383366663635
64623630326238623935343937313138343939323166366633303661653966663766306263336363
37313337396332623563386466663034376330613530393061633337633234373033333338623933
34663930663662303239646136623634356239353230663733326563633131353739323264356139
33616265613131373161613463633533646431373132343634306662333939353264653161373539
38363635386135613237313134643932633338636638323038633334633666646339616633636437
63353564336163396337306164633232623164333036363031663562333637646336306661313436
65363239313335636336313364643863646236656336363164363030303030626437366337663664
36616330346561646162643637616465376266393863626366363265643432643461613636366431
66623963313164656430623866303535376562623165383532646335303535356335663736386437
61386564643961616564323839323761653039383433656330646637316162396161363634666137
65643766353532636435373261613633366265616363646439663138393535343739306438346332
39666236613266373666373538336235326262626130386365373037666636363035393933396533
30653731346534303865303438356466356462343832346363373563323262306565343636393363
32313064353864303736666532623439383238383938326165313363316664626135363264376565
32386363316231306462666566356661346162626664616365623135626539663237313236323539
63323032373036663163663863366161323062323536623666353432343566396532393537323033
63376535666234316439623762643830316535373839313761393466323736646561663430383263
34303037653834623866353031313330633566653662353430383261326639343461343232383436
65643138343335363734323166366361313634346137383462646464613066306531393738373365
61623065386233323063373264373062613134393638323835363165633733356263353266636437
66326633633937616166663634656462343236326165633139383436616566646335373138613939
30303464303431303635373830666138353164326463363238623838303436633833373839633364
64306136373039306339323064623732373162383061663163613238666336613230666630383836
39656566616135656632623065653366623565643730646334343866343138643339383737656462
63646664316630323039323735666364313234616237373963336463353764373038613331653432
33613466623931383031386236663533653034616236633665363231303064666432383339346164
63643139336661633034623233323230356461316630636162653633633265393562303338326165
37363431636130363932373466633061386436373238653837333061636339366564326264366330
35626537373033326362336335363136646366613934333439663330623638336663626534343534
37623066636437633233623339363733653935333361303036326365313931623966653736306161
63626163393564333565653164333230306432373534313963363636646636663066373462353764
38393564633430356361636362613763656664613431653535623933623066666336643435616439
65333836353033336465643635626639333439383034626435643838616534643065313933303466
36363062366131643535323339383632376366656330393733663037636331363031333130393935
38336332376563346531653338343666653238323735613061346263666666316331393262393163
31323961616661656263643033613266353165343365626533363038396537633939326236343331
61653461393035346461353736656130343336623233666563363562396334343564626163373463
65663232373933353631393434313164326162343532343063623637326434336237633234306133
36373535626266313161386363366230353539393434353464623632383665613434376265396665
39633032363039646365616162323062353063396133633332393538356638633063316136373864
37313162613138353131353236366437363563313861373766643236303165346631323631643761
37316334616565663065643835313838373465353735353739396234646466306366356363636534
37386163623739356166376133613837336361383331353661643730376265353538376632383766
64396665326631306632323439623330376631386330333433306135343939633932373565373366
62363631323863616665363032666365353066666361393339346137626339633564343731366663
33643433643636306336623936363362386164346562383565663837393762663963613438386238
38356336303466386164396338363533393532306433376165633666303864356661366332353365
37396364393937653634313536323832653432663337666133383164663365653335386131386639
63323338386631646634303965616631363561306338376632653338333237303632376430643631
36343030643331393436656430396630373032313932356231363535666336616665386534383064
34613433353234376137393933353833613063393562656439366662623466396662636264623561
32313937363163613033636537386635346163656566643430323063623265336639623266366336
32626432373336353931346133623662373132633736316438333932663964616239336632633036
30623035356534336462343335656562653933333762353564356435663663616565613934666666
65613532333133393065313738623734646535343833316532383534343463623265613862333735
63316331633531396331343839636666396331356264636438363537656263383337616435616132
31336261613734623334383532303865333636303833333362376664646530636537336432333631
64616336636466343433666537353163333539653335376336666133623965626164376334346533
66396564643062373130663663393134346334353333323363623233663230363037656631623161
64303763653364326339386161336634313530623266666333366539633964653362666134316230
62613332636637333663636262386235663430646233643133356462346231643562333231303562
39633865343037376132653135336266656135373264643834633362333539613535633839666539
30323463383138343966616661636662373734383837633732323439363432356532336632633566
38343437346130363430303937343239656530653633313232333639666262386666333765366531
39613732336162616665376663623766346232333135323563363030326166396230323964356338
31333231396537623532346433346234303438663262343532396238303833373461353139303763
38326464646165636431366532633064393739613937353935383866613537653761376665663330
63623362376330303966313138636465633762386138653736663632373666386533653431353137
65356266356565323938633333643463666133353863313265353866303331613665656661373338
61663036383338663037393434653266373165313937646362646634666362356465613837643338
39336132356431623831376637333161323130343065376436396238363530373634636330343262
66353630323730396464386333343730643831613365346336613831613135643561333365623034
66653564323463343233643837356233376237376363316465386339376330616266666633663132
39653063616137656138323135383965643938343965326664343263333861303063303865303562
39333362613938356334323733366431306261663766363364336666656363636163363365363539
32346634663335666264323334613061633538326239363463376366323939393232323636323231
66363237636436303162303463363261626335613863636530653438353037336534666162633534
35336631313464393835366538663831303033393364633863646630376636643137333332643161
61353339326532336632356261636161313563386438343764326464346339376639323164633139
33333535363133353464353339633531643063623434323365363666333532393737356266323339
30336165663838353431653530346337333866333836363863653133353639353464353937393430
62383639386363623635393532313563373637663961616164653963663962373264326366303033
37383865613335646135313230626333323266666539303964333836626562323561653835373030
64623161353935356337646330323036333330386364636365623966303433336530353330333830
64343065336233376264666163326339623030326363653239306164383136616431366166383135
64363361666165373332333232396361356265353935313261646362613463313065396461303736
31613238306631373230396162653638313835643134663162346134373535393863363833643239
63643465333965623663353634383634323361313830363732343332333039376231663230633065
35306536383737626436646332306638376463323639656130623739366634376533323337333964
63363534316563363634373366333861636433306437303664343639623861336437663532363231
30303565336132303464386364393734386337626465366461346335346434646164323861343235
38396239613831623164636633323033666533653533643838623563366661313762353564633064
63626164373138383137333165653735623035383063333237396262666133383033393362663236
38316335386438343032333465313932353637383833393163393463613235646337396530633362
36363735313764353933623832323435366539383035646632636163373830353833326564643165
31646166623533323465663030353436363131666365333862663730653961626365396234653466
66373432393765333337373834666666373934333531396530623231383133666131396232343538
35376333643665323634383662613834623338636664323130613839313238396131616534653266
62323563393661313238333661613261363461643733666564343637323264666134643331653037
66616661336339363031303464346136643837643233366330396438373433396362656461353535
37333165396238333663336138313439613163363238643735663465663330663864323062646135
36396533396233343437663763636537333332343537646364343965373439623230316135613437
66353963303663316639383764363731303666333839333835663837326236626335376338633866
64646262316530313834666339323132643865643935313866613162626666336637616438323437
30383161386432653862396536656634343465386331643465336566316531393634353238613466
61326234373365633565306533336338316632323039393766353437626635386539336535343236
63613735333031383838306235313038313531373965316638323362393264666162623464313865
33663039643166663261623437613435363735666466316634646636316561326637613038323136
33646363373061366337623637393339653532363533373234383439393666356539393537393034
39366537663066316463303337653634386465663031363631626130623330613237656565613666
39356463313739313166343938376262373262633938396539343833373062373530626439636466
64336335656162656638383836303863656166323135303162303031303731623030333061623837
35346164393233386265316261383332316336383064363564656339393538663335653763323039
35356334646432376363653734633864656663653533363137393264306464613163393237373134
35383962613861623663653937396265366664373933306362366635666464373166356136326231
35356362613137373734303034626534656664313263323066353431353835336530336339303332
34663661306334333438396665626461373336363564336338333333326130393965356535303636
35333932646537643431393637626164616539346461306334383438336336636264666563663163
35313665346362343033643438366432386662643564323137633566373533323136663762613539
32386233353163666165616464353264636534633330316631326263623832363834643331353732
39646637656663643333633231376364663133386662643061306132333462353666383135336430
65343863373232353563393265616139626565393035393839343830326132376233346565333530
66356230666239663839376562383038383861656630623036303732666561653930653239363332
38633439343433396331633938343236353961383432633936333530383332316630383662623234
62303730653663326234353431643062383632356262333837396434643431396630613637613338
63356631646434373531356639386264373062646663303162643631623362663866323332326133
37353466363464363137393862303430363038383466346537323836633565653134313330333734
65383638386638336335316635356235343461336231643861613434393038396333396236653738
61656365653363653238393463343930633236363738653238666139333462323238353638363235
32663933393362313565663533663066663638393331643464363338626235323537663262343162
62643839633430623965396161633065643831303530363732383736626265643539633435616130
65613132646239643031643434396136323465326265323033623161346535653130383830313066
65353835373838343164633435613861363335333730353239363538343461363463376631346265
38643237333466396639343365323464343565363237643139613464626562323864326231386632
37653333373561666162376165383930613937353339376638336132666461643934316463666262
33353436656165653233643337376638613632613737333966373731383461666535633461366232
64323035306130356561313864656439306664353235663833376565383266373962376264643336
35653036356266343965643263376538366161626132326362306138303762343264616261363363
31666361366563633034373666363737663033303537333833636231326166643261363331386238
30353239336435393137646263623631633736346130376338323038366466373466336437636539
66363462346162326137663037666238316361666233316439623564366338336638663131363263
39373534366336383366336235623532646365316530356432353636616133626437366362333933
64626339373463396235343731336663313233633130646133333737313536303735353635636635
64383830643537306466613166653139376335373930663834393134346365336633396339663235
38656261373263343365663039393132623331336330653232613039393334303830356663613733
39343736356165643638323236623662636630353435353066613437386565333462336563393363
66346137663861356333333264333436363464386265626138323333306566363335326337663336
37333361363136353438623038336166663332323237626562383334383634306233663965326662
61653862333063333462613139363033363434353333363931613732666333623066333836626338
32343264393833383030323636343066646266663566393639313636396362383735316335363365
30313939646463326533636661303933636462643861383365306664656262656135386664316465
32396665333930353934616264386537633634333030383531383363336665623534323362616335
30303262373738336536633761623431646438353530376531613335663864343137303830633366
38353836343631363236323631613438323830346338353430396433363535656461316464623738
35353936393861613033656432626561653938306236393530636162306538313866653666643565
65313132656366643235643665386631666665373033343461666564396332373536636666623833
35666435643733623563636666356431383466323330613530643164383465323361623031396132
36353034333365636563333237376436383332336565653434616164326366333838323765333133
32326662616437323461623561663438376538323430643066623934633462353764373766343733
37316536353131633030386539653665633631313466393537643363383063373436316339343566
35656431666430353435303663356139333032396639646236646634356138666538383634346435
34653337363230346638316635636439356563393834353732306364653062376561346434626535
39306439663338653835626265336631303831393731616165363363306336656238376362383630
62616265373338303632643030363166316335633833663831653637316539313437333437303734
34646365663134663861366138383136643664613962646265373532346665313933323538363466
37653139643530326466616535366630346433653939313934303061333166623730336137313634
34366130643236313436626265326532633539303261643863393939666563306263326439626130
36623166636332663730333038313034623362626234316532363163383939616162353437626562
64643639306639303533306530363661306161653666656131316665646562346537346532346139
66653932336539666133366465663264656262663538383832633966313939346238643330613732
39356239616663343333613637323862626633336638663962623138303138333938386131663331
63646565373966363163316136393633343465333732633765616436306234303632343632366232
35656161326431663165383062386333353333656339626562636366396138396530656630303337
31383866383865623635633031316663353065393431316366313835613439316332323862396631
36616630343430343838663166323034303862653436666338643832616438306663313865613733
64316661613661316632313230316433383232663634623635663461643533356261656561636662
63303134303737393832326261323664396165343463383639393362333738306661343634343930
30313364653466333733313935376263363434346664646363373663396332313563313461353763
63393765323133376533656465653539313565616134656339653734326334373632623765306165
38656437636538366333666164616535346464646362316637666664306662313130633738343539
36666139623261373564303633643263353135363235653039623135303234656163366238663330
31633838613035633133356134616665313036313834613336626639633964346333646231613461
30313630623232353263323661323133373333663364313635396530393261303638396535623839
62616133393966336466666134363531613034356431316239633335356630653164626635653631
63386234613130326132666165343237303231343139326235613965323032353566643037323964
33613031383131316632383739636131663138386466636366633765383333623438633933386430
64663633373938353335396337363963633037356533393362343430643164343161613233363963
63666166666361353238383532383838613363336538386566336365623564646336363463653936
38336362663936303035363930366162313361363637656135366632323834383830646565303436
35323561653331363231623332326463666230643331313463613337333731653032623037626535
61373736623536316166646462313664313966396233306261666133313433326631333131316439
39333866323662613765386466363532303636316136366237666235633563643933316166306563
31386361373565373732623939623937376262333536353961623466653833656133316537636535
33643166636237613038343531636139366366323436636631346266346664613734366262353863
30666231306231613064376138393864326136616237313531613463613937353132366563323136
61616636623465353062306131636234613563383837386631313238653363323666656432623262
33326138353962623339316461313137383439616266313239623566363234376439386663373836
35633536343233363535656234663034633139393737363130303734363364643266383765323365
37373539653966613161366633333266616234373366623962613939663438653266623363366135
64633761623936383565633639623033333364343066346632653461383033653936626532613034
36333834656438353636323066323331616264376665653162393236383034353338346565343537
37363431303930396164616633666261333637353233633161353336613433336365653661633364
61646433383036383730396436656532356532666263616438636634343031356163616639656634
39303536613436346634636430646464363464356232633139633465363430333164356134316363
39623635303733663637386166373764656237343261303136623439626566383733646533663166
37326232313935643730663361373332333738336130663366343766626565396362373763313666
66303761333437363232653132373833653930326635376438313933303761313166333839383432
35626535396562623039623666336466366661323438343861613436323730633834376665363964
31393130613630376135343835306335373031363531656261663236656433343638633831346137
31366435646561316363316336343639323230356535326335313132643538643162383134653361
61306434343135643536626661643035643533323939333939336662323061363537333866623930
36313837393934666634666332386463356466623931303630613963376638376162653564643763
61653431386666333735363864663765373831366531343937376534636261613139376130383530
33363461346635376261376663393665626638356639313436366536383961396432646631346133
63636338303062363630343962633537343761366535613433646666383236393539326438323335
31616564626238393766306161356466343166336362623166343965356666333836336365646566
35356363363834636664363366353963376638373231666131323236333864623966623133356434
38646561363130656437366664653535303137346239636561336634366138653662373133656337
32373966376264633435643065386138336230386137663164663261396636643637643964303639
62306434663366626230393537303239353236353562646635643336393761373535346339666433
30346462336563383732636463303930653263313563386436623136613564366462326464333966
65316536643563313033356661643936303362373435623836643962353939373430373936643763
34353835646664613735636362373135356563326636333435626130643139336438376263396537
31653133373834353265376563333363616237326661326263376539366565653562393930646437
39353134303435313263666631633436306434383833353365356136303864396562396365343730
61373536313662633434373962353138323362646432663935653865336333313861626163663436
30623466373333613634626334363033393564623632306465653166376637353939363437376538
30646565346534626333333339353636373664343139633938653631333833323032653131633161
33633836343936303532323366306464366166386463343337396638366265633736666338313161
62383938616330346438323963643437353564326533343336396564353564646565376565333163
36663663356432653061613664316236353761626131376534393366346663616133616263653134
64373634333735383433346134666366643933353962383635646635356135656539343833623130
65343863626233623835633138323261666166396632623462323236643965373464383133633830
66646362356132656332653237633466666534376137373931343635616465333033626332643538
35313938653134303732346534643730386464383735613539383133666533323962613130393330
35363630616631666439313062323531376231346561653164316162313632356263343837343538
30633761353031626361613436313561353866653037353633353031356439663562636238616264
64376536356132396666363761336631646238376365613939306366646439366465623161393262
32316266396162646231356565666139366261326233343965623833636232636434303533313837
31636465643833373637333862306137313261383738333763383631386265313661623966386366
65343635663231623561356539633865316434623536623039663331363231356561363561326563
64666331316230636332653766313262666364376234333136643765643638343864303535336437
30363532643135616431623437643734633234626662396430353433383564313232353636356665
39386136616331356166316530363537383630393861633464323932343135623835383466653631
34353431383363353335626631366262313962343166383965323838643765616162316365303238
30343763626666616338633832663266663463303466343936623034633037636636616433653438
36393363353134626437373436383461366136623930653366376665616230633762383565373531
30383539643237626436376165666234303033373637653736313131386562373434653933363232
36663730323535363737303630323865363965656137646330333965303237363565323637326632
38366130326663323666616364376638386330633461316234366435316362633939646637623462
32346635663230373061343966613165616334356238343832373835643966663732393263303665
65623165663434366339626536636539356266663261376536383863346335393833646665613364
34653866656366383031323035616263653238303162666565323338393237383633633638643932
66616536346432653931356461626538643962383862313637616263363231616132363331646565
33333161376466323236633739663931653435373032663361336532656232646162633730313833
34613233386531613238393734373061396130373965386164623462366563646166303231383065
31613130663331313631386539303562393565623531393835313861626132386234623537346333
63383231613066353162663934663732633763646538666363323864303830373535313938666631
32323863353135396233333836633366363336336439343434373938323433616364613261623264
33393630663661636565366134303730656130623735353030326534653162396566346430376633
39303635323537393836636236636661623864343463343865353537653334333133643538623966
35656137643637383266353439346438613563633463313464613533313838326634386130323233
64343639636331643365633839646235316665656662313030343534333664393230626435333361
62323366623062356163623737613463343466643831323161393635343365363563353466393636
62313939653065363138326235613435653634623237626266343137306338366439393130303831
63353633306463643664326439323061616638623565633365323030303435633432633563623563
63383061336161616235366666323738636232396438356636393230313634343038306361343434
32653334626665623361326638393436396231306164363764333735633534336438306635356136
30393234306266326135346535343862383036316335313733333564333264323663313933346561
35616363373932343431343166386465336665366266313966653734396530313165373638623661
30303663333533393936383462363066316166383830623165316135333331613833303731326135
61613764393031353430343366636338373430666165616261313533633361313465316134313036
66303865333165356334656166653665313239373563373964306534353534613464643930653665
31363035356335326336316662306236666262346162613364393763356336313564346633363364
37396462666534636236356434623465643265323237646364653261643132643564336664613736
34633231373036383238613739613034396363376466653264386665633930653837613832383631
38303663363763306336653632633138616462393139356331343237396536303036303462633936
64353737613539356636646265323139333834396466316237343239393563336564353431333864
30646563376139303266623830353233376162363130386136333137313433396461656632626639
37303435663261636430356234386638356130363162643836646164376334353161356362313434
39633233353935393932313932323465323836393634356231656338383639626264343439316231
38333735316261343936313934383039656637383536336534366561366366373039343063386632
31613337356430353361313432653230326138656536313932336331356463343339656338313233
33376262363134656631353566616330383032663536386138656137373933613239343466363061
64616234346536666661343136333262633537633764666339393064373061313565333066316538
30636365613661346530633961613637346261613866653763626266326261376134633863663866
35643264323833353131346565646135313838633934633230663933366261666436643765653233
30653266663731626534373164663165303231373233653766646531336634316165356232366164
65623139336536663038396166346239333534613163623931623638393236303165383337643135
34333666643130383436393562376464643233366263316237343130636530653430373538663636
37373466366463333932666366303161613933666131313466663164313936306561393732396534
39316433643536663032643838393065306165386663306334313034656634653330343763663263
66396131616637663763326235643761353630633934646239373132643832376637613764643533
66386261616632363930643162616238393463356430656135343036353563623136623039633634
31313937356638313765616131636262386637616634613331313931346532616538666535336664
32653532336362663031363735323639636335346331306134643937346632316431383561653934
38343930633064373536653132383666343937343466393964313839653035393339646432626462
32643832353535373938663231386437663931383037313931643066613835363938646338633263
34366565363733643561353865346134383562363265643731373137313339333935306639343764
66316631663233353762323832646264366638383162333463663238623234366664653731656666
33333433333936643865663766343037663837303539383461313835326364633561353438323638
39653333666165353665356131333336396133613432636130336139653863643365656332353433
35643265316239613863336461313662616634643231666333393135316637333463386334666136
33653362656435333361333332383362353135623363396431343761316135313435633730366666
39626530333330386639363938356433623364303239353135663534316363636366383466333565
36613366366231653661616561353761346334616234613462383132663232646332663537306632
38376439323465633166363763346638353830336534393231313438306539666366386438303464
36383866303163616565633731616630623335356439633831396465343865356435376561396139
31663965363637643631656561636632323832393632343530373531613439343763346333623735
31656131396263656431623263363330363261623462393238373536326634336632373039663636
63313738623764313263346435313064653539343830636661336538333865633839653265653933
39313265653534616665313536333863323966353265656339626633653661326561363738353839
62366635356638663537643630663664613834613634356665363336376234366635343964383838
38326233396433303239633865383566663638323135626362646264336332613466616561666463
61636232613237366339346630306531636533306666666664663062316264663734323035633539
61303966636131363435663263376264313238353239356135373766336365313937646161646461
31336334303339323563663161373364613464373063316239306566373332636565656462376437
33373665313035376562663962663832323437363136643339396361373265303265336131633163
33616334393962313661663566336234323763653463396230653864323434356637653038663235
65353833643165623334666265656365356331303732613430613332653761393862653630663032
37356565383530323230663065373532643730626266326235393634356263356638323230303464
32633266386230366138643032636538386132336666333065643533363965373135656237346166
64313461376636666533623739646335663335313264313734343466313235633833646635623830
34616464663164663833323739313663613430663131303961613666306661666230326632303264
34666264626636313864613733303435666434613731333765653363646334313265613031656330
66393263303364353635383433663834363833396636643637313437636432623164313438396261
33393463643463633566336531326235306564353861613365643237303262323663313662373164
32306431353636623161323336306135306631306537643039636330336237373335333330643032
31366465616533326131636263343238393339616561663538663235373539356135313633313135
64303933616531396361653136623065633933623961623336323430323638396161633864323063
63633233356535353637313963346535616165396663393833303666623937383134336666383230
64663739336435306531643933633931366563333535366162663661636464343130656239643136
30396336386437643161666364383061313337326565363837333563643738363866633734343337
64356261356237633766636133383662393238313132323533653565346161666434616536623738
64333063316561313463373566376163353433383366656463343763303562656238333137613461
38646334656435666366646365353135313863306162313434303235613561343563626134366130
32376238306233313031626361393863653238353039313339306561666262376263353435373533
34303935656431306633376438336161613537653133666666396236636363633465353561363331
34393939313136396363636137383937663363343439333964323337613633383031306666363366
63623061636462313334393233366230346665376136346537613361663838323762366363376332
39313736373935303832653539316634353061643431643161363335303731323161356433323566
64626134323334643636363538303533383864343031323862313034636639393335366462306439
62663165656161353462386635636434626439353461353766343337366464376438333866396639
30393635353637633166656336313536303732613435303263616261616361366361376431663631
30393661623531616365666566363461656538373437363963346531623964333430366563373533
37623164323734363862633633333732326433643636366135666631653534633364386238336362
33343061613366633631323734323932656633393165313631626336383133613934643765613262
32323138366333656539666234383036313637326265656564336633336434323439326338343363
31376439636431313131613233313835636239363437616334343232646637326337386232646439
61386238343732663632613465326266356333363962333333323964306366353238336633386237
39626166373736613131636334653761303762616165633139653663646232343337393934626631
33383138353033363464663430396661306331393562346233323165666438396661343636653332
37653163616535616139383964643232323337346535323432373032653332376230363564623435
37323135303866306633373330623363383835633130373066666162323866346166396239616337
63666137303338616261353561633262343132636465653438326638643133373466623862626638
33343861623035376430663732393930663134636462653263303534653365383836303136613637
30313731663633643231623036363364613937366436386532623031646566393836643462316163
35316665646132323831336632643936366364633362623232386238613964336661323664656430
37616566306265323661323264343663393035653637396230303030363739666132646461653930
61623631623464306361356238373161316233616539663737626534326338333934666136343366
38333139646237303463346433336332303937613261623039643433313239316461353665326535
39313265306637316164363962353663653865303637313764643439343337343634313664643735
63663433333131643939623836343561633934336437383333643164313866623166643037616165
38613261663438346461363761383437636136633431326163616166633635653062313163626239
61663730386662393266363431303036633134623536663264336364363631663534616231623461
61303631613331363230643639636332373136333163643063353063336335356264636364623163
61636531373637636131616237646663303632623931653266666138326236393264623536653361
64366136633932616463303830616330373633323730323330616461376430333136346136626365
63626537356531356566383635383536636262616264373839396664343863356661666333396264
35316664336430623736626262636462653732633566656361363562386431373839326264363561
66396230373837643039623263323338303230396635393834393331326462643466376234623736
61383135386230623666653261313430643466336332663935373235313533333962663530336637
35336634333538356531346534613461636666326161313435663330633236393864633130353337
61623963613038303933636337356531306662386133353861366163313536363932383965343862
64303832373035303032363434323530633462636236613635643463663764363763653533666530
34376635336137366164663030346130623262373037633066316430303331343738636536333063
38323733393834316238343131363664636163626535663436616638623562336663303036383332
63613332353935393161313839633730613364393738393936313238353038653063333839383564
32376637626137393130316639326363356633383330633330623964353061333235376533343330
33373965656262373133323531623536353562646631393465636564613466356137616338653561
32343263316463633630616533383632303963663061356430366566656663316366313663303963
66643539343663643135646165623666636331613432363065393936646666626366663866626634
39386632346438376434633232633135356361646236623664643161666433623061613463626634
34396138626232633039636336663833353733663161663634653663613236303937393966633335
32353861336239633439306431316534376539333362623732396139393333383865393637383538
65306564646363353464326464386138646637646334366334373936333963313762646338623733
31336539376434373166303630333934316264323339313136646332336532386438663232363963
38323331343937633465346534373762316636336663363931343231346163356130323437656430
64613166636334626632303463646662653332323639373666616166316130383031663965306533
65303266393736633263396632373536363162373264316662626163396364363230363866306631
39333732323237306636666664326634343232306332663035363765393139386261646236376133
35356232313834343336323637306636323762633731646566616365666139626236663537666139
64633163633530376563643734343438613465313233356139343466303138643035616236303063
65353064613435356537333239396635663039643866316361363566366439623735306434373463
39666662376363353634373165323561333338353563613936313635643462613762626633653230
66343333616337643331366366613139356532386437613763336633646137323133373739353137
63636463306338393839653834623631373034653831636130383564383738643831373731393966
33663134353664383366623463613330376430363165346436343366663266383365646338333030
31666466353637383834353965333532653163623635363138373733343234663238313766303535
33643266313365633561656666353136333265313661643036653236383261326438316138396662
30333562626537636362323238396262623632646235663737656266663865333735636333313736
66626264376366306431626133303732633531633930386637326139383036653038393137333165
39326433336461663963636361356462326435623461313131373565363539663234323361633662
61346238633361396635613737653734316236343536343932613334303364636531363035343934
36303861626531663838363730613962316332663665656664353435656139363866663839303265
66343762646365653761303434613631366361623431306264323233313636653932613733313266
65363163343332623239336336393330656534336634373239333635373133623537653862643937
38363565393139653433323139363764376136633665353938333438613039616439356166363262
30633738633538343132376534333736643862366461363738623966343461613132333561636236
64306666376162643435326635383132353231633131333935373833373739333462396364633365
33393030303730623163366635326564643837653565393662663861643130316637663233626237
65313935333939663737656439353537306231346535663030376532336630336439646236326234
66333738366338666331393061663763666132653134343733653862626336623631346639613439
64303635313635383662623664643964346139303134323463616334306639396232336562343532
36323262303662346339386139316664373734633837656166373236383763626261383061313730
65306339306334373438376439313731326338306261346330623633393831653032323361316231
63653438326366376131636537663261393638353163333334306265313763653836306630306237
66663437656637623565373733623833343933303966376365306235333363316663356433613034
31666263386238316631396232383938373930656435623233643034303266653663393664393263
35616661376537313938326538353030356231663437366639323539353832346265373033323430
61313630663831303732393132333034356431303433306239353164396332613866383130316437
34316535383639306438316137626234366133326463373564323561326234303961373135646264
62346439393336396634386266633464346437303864343230646233653730623731343831303266
65303763313066313831663763656265626232653133656134383839356139626538306132363837
38613066303765313731333738363037666637643037353331653033303761373762613331643263
37643431366663393133376438373466396566646636306564636364316130653865343661636361
30353830623037613431313866383234313765373861343136363737383263663130346561336636
63643132393531383763366635646338366637336265643065393536663836353139303130393365
61373364356335333933643439333134636639646135616638343161336365613132323963303862
36623861303662663666653333373765316165343836646431623332323732633165633462323531
35353530616630643864356434633232663432316563323638353031373436623362303462323837
39613265303263336662633663613331663235393539636137363466656263386338323166626464
35383833356432316239356133623739633562663262323932636461313530323037626530373437
61333665633838313362383961373630333466666633626437643634376565613762386366383737
65323336343763393839646637613436396264326664373332333137313265656637303265633634
66643739313338666134323563326261326237303063353235623139336134303130373037613937
36323038623264376164383132623431636463393030646463373231333837303636363437303230
39323732346666303763333161353136343631376333343563373963396261653163653839316463
34663130356365386638313334353030383638646337333066393736313231343162613435653863
39356235646336396462646463646431653261363263633930366466663332616237373833333331
39343834376263646666323065383063343166643631393831353362336533396535616362336432
39303835316430333062626238313136393761323265386533336332393232356335336435343566
65646138623666326633613337616532393364663932383562316261323936363539623334303764
33333236383466653464353162333562373439663135666637313164343164353639373734663062
65636436636233313864666632663661643833366232616134346332646134383236616361663133
38396230633732333163653338626362643135623634626561636136363539393637343832336262
31623036313236346365346264353966623234623332306439313665393535383732633239633234
33653762373038613662303338316566646132333764656635353535633462613562613736653565
62313232653636356661376233656433346562616236303539623631636138653433666235663135
62383836383362616239646335626336393661323662663030646661646161636232343534613130
38353934376339646461646664613135343836633363353364663261313164393339303333653366
65366232336438653331306133396334353364353533356266626431343839353135343366663530
35323239636231313236396261313337656233653530323333323030616165363166366466303666
61336666383461626434663138346265666238376634666462653536346438633338393036373066
37616461303136633464313630363463633536383063663363643262646431323866353636656139
39366337373861643832316534653862353262343439386464646262313631396237663662623231
64643434333762616331613364306431396534616231336339663764616538323162323333303864
38636230666262366261303032396230643631316131633133623163333536363433316131316561
64663633396231373930353839616631626265613766323630363934646164303930343762346538
63396637306631666633613731306530616631383335386337623037343764626466653932623934
34393764356337303433613432386433666433363930323431383962666238393961666438313837
62623234643838376132356464626532623933643033376335343062373466303766643766633636
33663661626331613561313936643836333464333761393564626136396437353330303664643565
65636565633731333165393130316238623332616137306135333662666430393632626237396238
38383938383839653363303633393530326266386464353831613433343864366435333065623430
61656262633161373435623737643034366464306232633863653861666630353837366331333135
62643661383136656430306237366332613734376662316261346662643835613637653038323535
33366461366364616138356133306263643230666530393533616535323334313430643036633437
64373934353361336263366237386661356436386134323163373862356162623161646438613661
38356334616264343233633437643734306433666664333530303535393535393031306534663935
31643039666165663034363830373463363034333566306534393164633865353339323234383665
34616662353635653030383137346265376330373634353062646634646438356239316435353861
65643335326261616132663439643766613931333864663538373030333436663232333364333533
36373463373530643937626536653962356461616632636139333035316462353161613437356635
63396536666438333539363362306630396132636532313832626364303463393038666233653064
31383466323664616462643739646338333966393062346333623462346539663030373335613432
64303534393436663230373939663639316438356535643266353766333336333034393463643733
66346265323964383437613530646361323830373639386563303466666434386532336331323761
66623533386537643961633434376464643430383865613162363164646263646236333637656235
36376231613831363165393936616535646132366536373337336131653633626532353935643535
31306162346233303637323331646264303866306230666437326139306331663033386137326634
31376566313566376335326430386135346233383834323437346639313739376236343636663734
34376266346464323733353831646130303538393130643835646639373164643466616261363661
66316264646634313534373961643463383435393138313666643431663339306638623564663239
61366230306134646632653164376561623132633435336364343437393965626565366234383566
34313365383638666665613933653163383734643961333363633461323636353465633531353637
36383836323230643338396436633131643562653863353135336430666131343734393236363335
65323361336163333963613262336238613338346138336336346436626431663763636635383637
65656163333363343830376332343862666665303536303063656139313733313664396436656238
63623337326435336536353765666338636364326131396431323838666566633334386432633731
65313033656430613264333736636461626661373365363861393762636566323261636136313262
35386532373165613739376465323130326338326632643135356662633931303966333765303866
64636237623630333238323030383937613838306534396162663366626565653962316163666332
31356365333766363731616637636164316236316537393965383434396664656261633434346632
61393132333238643866373262366632633264383130663666656234303134626265633237613835
36646139626233356162666433663531653238623961303231646365653665333666366562383635
33633630616333656164633032323063343835623363656330343938623162663732643765653166
35366164316437656635386463626433333635333634343837663738636533656362363032313035
62386165663161363439636130366233383934323339313938303639336136333538666132626637
65373962383364393666323361623465343364313166386436316438306132646435356630613162
66386466356336633466626564323636613864623438633439653834666236346465333164303636
33663334333134353231633663623936303734393666316565346636333431393032356330633538
64373861316531373536633063326361356536376637323261653336393138333262316639313130
36653633356238303638663037646565366331636262316665306338633434336166326236626639
36333931386336343233373965353463613061343139623865363566396165383438356666323433
66373163616465373263353237313633303134616633633633386133666461656262656638346663
32653337396131336633343430643336333463663431386134656534303764333539623439326366
32626432303661306234373136393061376239323763323263663438393833353138393835333737
31323134653232383739646563383765346532643061303166626136346365663833326537646331
65383233323131616562616233323762366261333464626361656239636137356266643464623462
37383538336562303932383936353362316263383366663236336161353937353538633330656264
35633165333631363662666434386635663238316530643835343163646162666534346365373663
30336438343839326331643961303762653365633565613139616131323938303237373562333634
36366432333735666330663938626465613638383330346265323964303463393934336430643939
37663161366334326231616361363231663439356639616231656436386131636663613533636366
31303966353730393066386461353231313763613937393833666636323362313432326162353639
31643564306336323363356232613332393666373865393032616335373134376539643637633364
61363263336433396338623065616430653161353131353163666335353962313230353935356539
30356231386334303231323136353039626133383561306364646637663763356136336536313061
62653837376335646566613637373232643664663963383331313336386563666438326535333036
33373762646236393234623335623531356539666330613336363566656637366164383834663235
64636232313136333439346534363539656533633437633035643239393330363635383639663336
33643837643364643837626632636161666366633034653031633735646162633237646639653561
34663861336632393863613062393833633234386131343537646134383665313637323635636262
32613362333563313436363738623164393866643062343066663662383537353561636663646238
32643337623364333531323462313061613637376339356262346335626666353162333032343866
33633664326633353663383463326234343961323832636333333436663033396635643865636664
34383435663762626663353738646363643134623730636339366437396332343639643138393333
33353735656230643564376165323433613233633265646131313732396439396636343361666462
62383863356336353932613138313036303765333236346264356338303564396365663464366130
38653534343631396439613163373462323735316134373165366465613334313732393433393763
61343032313135623465373939376238313833376133376538386233353236396664353832653062
62613334636632313836373431343034616534346232663533633865363764386433373965376233
37613535356236353964643666353266376231346466306161653734643733346131356565346133
62326637383036366132306161636333646438636565666638393936343165336564393837346233
37356332386363633463636264643361663035383331306533626537316363393334336564313864
32343866663435663930613365643165643338393534386630313133336666333866383861323930
31643534666261336461396336346464666234316566393236353639313562353663366661316138
62306430303432613435636663313761633638396437363433613663363731343334666262346639
65316663663864306562626436623666303265393531316531333438343166343932326364653135
37383236323262313536323635363364303638343839366130306431373862336432373834643230
61336231343932313334306361666365303463666536366561613562383030626430616430393564
64666539626430313236386435383762343764373336633438306161643430323733646164396331
31396162346138633138363136303262613238653366633235393562366139356534323335336637
64666537386536306662356165366635353830303665623363346665613233356461616432303862
63333135333464636137303766663864323765353031656166626665613230633366626263376262
35326364633765636130626363616662346632636430333865393738343261376666653631306566
65666166343236336566373565376432343566656131393431363865396635656466386534393037
32346661653934663130643432363062313865623538343236663830383436633663643362613132
36383836666361666231643565326238633639376561386564656137663737656461306166323231
33623065666532313436326437363738313162376336343334316561643638386365393962383435
32393032653838383864633763383037623939346131316437333963353063633563373330333261
34616433383731353234313861633439363237626461393937616134343030343963303364633439
33386335313661356130323730323764653762323732373066343962393266323661393765333434
31303434316138656237336433313835653534643036363830623337383531306133333730626166
37373038613037363930393763303735646135626465306663653735646262656233366134306134
31333762346265643366663861396161306162313034666439366164623335323339336539613732
30336536346162613239646630623963313862393432646261323266386634393139346339636339
30383636363431396133373637326466326336623831363965366161326266303665633366383362
38323561333865636366633631366364363834316532616366393762333637663962623331343363
61383032616337663032623638333236373338636165653730326163333439306161323635306366
66393166393831393364376664636662363532643464313764336232643235393533616438353131
39386466636132386563356331366461633063323931646536303165393538666233646632373034
64646139356238663533373731363739626663646135303663643735623836303332393435656638
39333838663737386335626136663332316439363561633439666266303163626438656637643566
37393033633134623363306631313539343430623561646137636436646265613961346265613237
33396663363133333439616436656564316233303735396632616165383432373833643537343939
62376135623730353035366231326165666361656537373733316339333062336665636164363734
32346161313064356561343061366436306638336365633665333432316435313333333433613163
37623265323566373331626231633962313436323166663861326431633433663563356534346530
36666465343365663064386331666630353662656165396461663131646337393761346539646339
32663031393736326138376335656237376230306337353461396533386330316636373439643465
31376366366132393638346462646332663037333638313061643836373339633436333164636166
64663565373061316135633131636363373164313033336632623436303534366538356463326637
66373264666464323430646533313462643639623337643135393439353435623239333633393639
33353164623632613366623138653265666336313663336137366135666537646338313838333931
35363731346461323963393465313736313632613638616364323066663534306231323338663335
31666666396137646136353731656635346338376235333265323866303135396566613764633537
38633835386462346665646334366265666338353362623262636339373538303965303836313035
65636139663864386130613662386538363961653038633461653661633461326361333638653061
34626262646461316635356533663365383834336436343766373239386662623363356565393035
39356331306234303863623233363364633438663334336130386662363435323435376237383030
35333939353461346335666434316261306366643238323737323938626133303432663631633335
35653763663163663630626635386331636136323839333961636136393135636466363566666531
33636361653835613138333732376635363638303438626263353134653461653765663334633735
63396662653166343638623038346662336337633565656437616637623365306238333863393662
34653966613136336539366239656530386566313963666333376232343135626362656631326135
34383265333631636130383635353336353265373366636431633862343139343336306432306332
34373632343963386663616436366636393465336231653139316264666530393833633732303833
64313336373337313632373732363936346230316634366364393533396337343034613233643339
32353934633436313661636231356562383865306534353233646132656666316635366339613635
34346136393662353632626166616338333135393166666639306463613637326530666265626633
30656165383332353965386263643333653737623565313764396536376235623039646337613463
64303030386264386635623563396166313661383035643733356633646431363963373434326130
31343439663962303961396364636230363766613964653735633632326136613838633938333832
31623966313362353135316134653566336565643433343034383037383536386565386439623462
62653165393261333933326636653965663438303332303636323731353633323864353262613562
31663939636664333363626533396165356339353630663864656531336431383032386363633535
65386465623239633830663866623034656532323036336562613566633432306430346362653835
30373262363431336530313738366639303564633639663139303339373764613230666139623233
31366362353437616464623035653166393462313866656435336262373166376532353239623266
61393434393634326234353432386339666165363763366134333461666631333937303537303034
35343637333332643633373430636166663237663463643966366631643965663865333331366466
64313933333037353062333931316130366130366134616438326163333161356666393430373938
34353335336339646637633362356433613464383762623137303630353334333534636464343333
33356466663539646139356434336335626234333637666266306662363965333832626337633032
37623632653434666638386132326439376665313565663864663566643735303965333032336662
64626430376139366336373030636662666331346464396361326131313964656136396437616366
61636162633465336362633864376335613434663662333066343137373331323637616235346362
62643032656133663562616162306234343039626636363065633539373366613836613539303064
38633634626162333037653265386231333262613365356330333036363630656236636332343533
66316665396161633865303039646434623365313862323633373164373333616635353365386633
37633266663233353435646366613734346532643530373063633139396564396638663561643262
62346166653538656564613062393836393634633730376664646561613264316539653865393565
30396338623766353763373566343566333237363231313435393338363431316537363364633362
63613666366639643635376635306136323332343333353839306434613435393664393765646265
35306132366332303633633337666632653131386131353165393138373465656330393561373534
64343733363835626665383661653431376264386166303362663132353630393338386561343233
63396464353566386534323332396263306238313135643335366666336237373237353139373438
31316661383038326562366631376532623762633831623335623062333961363636313264626361
30386430363131323136363235343730306238626265313665386235656537333035376137313138
39306430613063643466663133353065373264363734316664346461376531616538323765373663
34376632643730383065643339363363666662663239643864313865323238666230343633386461
66656232616536613033653233303864363039363232616236386635316330393436393130346636
39353661653862346466626562303663663339336263656230356565363432393462666633353233
65316463353537346563623935363036336538386264346130313665336261366139393664626262
61383637363165646661323535323738663064666663333435616234616263373262313438616363
38633736653864333765663039353734373963626531646231343236316565663032376365636461
63333762326166616462666466396563346331396534393338336365306430393766386661613034
66356566636635353039366333306665396464666437646230313131303965396236306530336635
66336438383461316332373266353236613030353338353832306663613638613636376439643865
38356362343935613836643461376339633365666265643764393739383966376635656532343362
62636164363932353537656261396435613933386532306266623962393264333636306632303631
66303737363737356432373332326630626438306238616134303739396161376331356139373339
30373765363535653061393030616132613031613934386532623565616463333039366238313165
64373332333266336462326364356337333030363763323835633039323835656138326630656333
30363633653037343338373763373464633362323736373332306163376430623735653030646133
61633533633532623134343033343834383138386538363230623963623836323033646463383764
61633861323736636237303932326566333730393637653832313562313933383062616331323561
33656134633739393830303432346165663533666638373735323164353062396164613666656436
33643237303335353064373339666432363133383630666261316131366536346561353137366332
63656163646136656236636436626562343263666133306561353466633164613639306665336465
66666330363564353331373963306338643238336563363236323232346666393632343964626366
33623562663466396435323663656162373266303438376130343730353432356238326361323338
66393430626335386362633737323137653764636361656462353234663338666139323264666365
35316239343364633638633961616338616164323134623834663466363030656661323634393435
37363464353233303635393665613532356337666463366138666135613837346134663239343763
39666365306665363130623465316466373465393662343366376139633233303532626630636637
64323163333732323262653561616637383036656464613864623033333561316238616532393731
61373664326666393564363837303266333830393537316530646564343335666662646232643235
65323737646663623532373931643736303065633162396365383535643233626461336234636135
35326539393631633633653262613031396637373664653535646339363365346264303436343436
66326231663531653130643466663539666239333664366561346238653134663064313762326634
61343835663939333762343062323063333662663534366336343834663533613137373566663636
62653932336362646266616264663766323235336230353035346531633839393339323633316531
39383937356235633932323161613063376164383330626363336231343734653539626231333837
39306130326136356536646537366539376436633931346632303835383231353066383664653033
34626135376566656562343239333239333230373335353562613030343331626434663133653034
36363666303733656134356163333164656536333232303936333238353936326565373063303232
31323966386361623235313434303361646434303836633832383666393633666439646264373138
66643732623134623231653762356162636363363631633163393035343962633433613864383963
65316433306364326637366563616166666263346463346234656361326364623034333132636261
31396565633365363661643739623966613638383363653936366166373237346536613630643965
36666664663766393835326639633336653237653861343934323336373163313436386130616139
31643465336437633139666538396461643235653633656461643137393439326431353937343435
35383133393534336665333864326337646338653234656538396638343535616239663936623762
30373462663232383835363339636335366366316530633264386435616431306130353765303736
34373161636333353463306634396366303033376531303666643536643565353165303332656133
61373936613738623432383335353037613836663539363334323933383238316338333663633631
30306139636665376264633130343230366364353066623538633230666233343430313438303163
33303836356234323034333266303661623134363862356261613266323862373439313638383865
30663833316432646339356233383336323738636266366165626163363035333862393462316237
65303966346461393435343335656261623837336536336337373630623462393933303438633664
64653933306165646335366139366165303766373663633365623031616235353263343266396333
33313463373337386635636638363034633738643836336464613339346461303562373337353138
39633136373563326138633739626162643536386236353765633361353437393131366639633337
65643435333036306430353831383963373833353962616630346336306361653735366363643034
34323639353966653635333431653237326432393039313161636262313062373630616232343664
65336166393566373862653337393231396266343235643337373134393861613362396233343231
63656461386261346131656235663362393035396263306239343936643438353834646630336137
31333235393736346233326331616363386534306561323836666263663639333163643463383261
35396230316236323062646361633738326465663630336230613731376232363831353664623463
64303566343933363966626438663733326163623937346237393665623762373233333837663434
38346333616265373035326535303236323332326262653361356136363164343931666161333037
31353237303733383763623661336338656231333235343337386563613163633930646532393762
39303631303562613131663262623461663661356232626161383432656631653565383736363462
37343131373535376165313535326534363261323633363965383663636464313334613737353663
39323938653961313638343162343838343765373335353435386563313334663266333430366662
35323664323263363438333533626231623762396166393133376232333832633230633666303035
33326631666631393065373865623436636164663537373531373439663731653838613861656230
66643162393464323031623862306438373232306665303230323937386566616263633235323964
30613630313262333136353031343832386335356435646333663932623362346633373266363135
30326264336430336333346333373837363935386331303063393465376336376363303731386132
63333036636135646364643966333531366136343031626263323861396234643036333363353565
64313763636436386466396138376161663634343233663937663762316135343662313730336335
39376263323661383332636264323934303630663433333838303835356362393565323864336262
62386137353766323466663033666331653762336362336239663134643336303539306334386431
37623462653563396462376334653436633336633962346465306263353035646665376433643537
36343236646238363535353733303230636632366230613233316236643930363138333164383861
37663336346436353036383062353131393362356263366638356462643563653363636335306362
31623538633738336330626532623739646638313832376330363932336633383839373338353039
61373563356230343734656566386663623034313632646137623233616264613536613561343061
34326231343032386431383064663731383037393764386363656361663965343866326162643366
31346332623433343163313338303064363435303235393031343364316333353737363835613064
62633139656465653438326562323530653032343039303866383764666239663664616534626335
33633836663337663833663530353364323537616662623366666639393130333861383766353132
65633338653333623133623335323063613839313563663331363235616237386132343762316536
34323536653964336464353064316139636566666562643736343739353330393766383262303433
36656134616232393733336439373632633565346464333164323437333033353633316233306462
61393435366261396136666632313337643536313663343962666462366637356435363164646437
38373265616561343336303135396632363036383937303930303933316362336134333839326231
61636361646364376631373262343261626465323463646561623632396431326432393432646262
31666636653331373735323632633936363062373733376239613162666130623238383961333732
38623466396135386133313534363335633131626536653537663831356538633666363335396339
65343064623263376434643865373234363937373964373830376138386139316136623661376136
32653932643131386563313664306532383561646632666432316562623231383463633833643532
66306163613934353938323634376337363962383335326664636565613439353631643462353635
66343530626432386161393465336633333739393262353466353464663837323639383336636232
64653361663863383964653735353835646535646361666365313238386532343662343538396562
62613134376561613034383730633637363431373737363963356366663062336561393739653138
64643239313830353339626538363962343731326430303131636366383731303065366537386131
62636130633334633264393135633132393732393766613533336331366235366336646365656439
37653866393863366130313663663034623961343739636365346566326635333338663330313530
34343764316436383637663339623862356366313566383931613036343930663932383935343839
39343733633534346265653230303435653137643939646631636163653463616639366230643935
65343737356335613439633664346466646333623939303866653331393437633130643235646637
33666537336336643963333737306437626534326238636264666636363962663866346134613237
33633632643565663231306564353964346661633463646566336534303337386432363234643236
65303231316332373533626538303037386166326238653065613463303635653632373439303734
38663532643738653538636436663465653538633136656331663561623333663138623234303235
32316561663763306132383837396630383138623864386639306430363834316537376262393366
36346535653338623033633064333936353762373766356539663834623230353334653237353436
30363331343662336436366433656561643537383331386238303732346263383837333132663963
65353235613764393832306337313736653961373838373164393735323639373633393566646161
33323231383362666532323032646230343735353135623161396565633831333932303938373366
62656133383336626664303866303432373931633533386662663763623430346266303035396631
61373134656631363335656663353539306333346139666333313662633964323535643932626561
62656331316132646331643232346332313664333062333862363530346537636235636662323531
35633230343565393663666237646537373231626430646537393363653164313939633362376163
38376139303632316663636538613964303363316139333565616564633432623835366533356333
66636365636230396238323433336466383531616165343236353332343263643339633164323862
66306365313838386262653762636439303035353763633939346334326662386131393133363032
33393530303932313936393439366666626231393663333834656531653565646434373832396539
30326461643832656338393934393639613936363262653436363734326466633933336639646433
38323630386339333137613933346631333465653238653135643064626665613964646430373538
32343535383365333830303231313932333734363137613630623634323530636530666562663162
66363464633539366334623563313037633537393437633364383265656364306162313433353161
62623736646231376633663837363738313730623731386336336238323538373838393663323562
62373066323263656662356162616436623938323466363565353661643632616362663264646165
39613630613836636433343361323838333666333662343865316166626163663466613366633939
35636137626336636332643039333032663236623831356135333362656134303830663835626461
38626134343261646664313066363265356362366334373264323565353539623961313233363865
36306439663834636235613330363235656136323236633132393235656438393536373233363338
63383163333463376131633230663236333439313237626132393734633032623864666366376633
32376662373061396261666333313934376537323338653333623762666431653938633132613161
36333463336361363763356232336532366337643466316665323866303765363766653834653234
39313863336238373761323332656637633431383139396562333235306466313936653633386637
38393335626538666665383133636337343231623638336233613838323763366466653365373266
37623162623134643663313132666538373036396661653537613237346139626665333161343934
30643961323234346330623930613364653766323135333838386161396439613837616434396136
32373965336437316330373331646132376162653339626664316663326632313966366266623966
33666632343532316562393137303739383862666636313935363239383434353137663834393437
31303863323838333334653663356164666630336435363965363732356235393334333362333765
36363337363461373865303733623037653438626633386139663566383831383864666637643566
65636437626633393934343064653530623164303264666362373338386566383764366439303232
35373734333065323638303461656332343363306264636364356530643161613338363061326631
62633165653638363634636331666133613166623834636361643738366533396363663062343833
31663039613462653935336239353735313438656463663030626231386632653263396563633338
30666332366366353062656162346239333234333739613263353339353765386466616339383164
34656666616365623834666639613565376634336332656466643463613565323565653137653638
39633838356632646361636336353862356635376637343535333137646430623339363836363330
35306237383137656532336563323133363834333637643439336438363332376534613035643337
61643563326463623837636165383362663964373764656562383133353066303137656532376131
38353662623563376137383935313962616264643436656630616466613435326562633638376161
34353433656334306464383030363833336565336335613432323864666138303963333964323265
65336164326534656434333437616264623632623165356334336433393839316139333330343562
66303039313530353461333239623865643964336634363939656335313634373466656138353539
66393831633938383764346635643338643533336466656365643137396232643730616131366165
64343261383034633638656163323931373633313436373033666232623431366432373532313966
36363166383162623264653165656538343664636537326330396666356364373132613863633135
33356664303330643531306137653133343436343263393462623136316136633763663263326637
61353533663237343536353833653832376663316438336163316534346635313438393261613838
33343064353830373733646137633766616363633034383662646536316332373739643964613336
61393861343137633964353461376635666631383735333666393534616564663935646461313535
63323536313935386666383930363563366133373161653962323131313430353837616663653630
39636463313735396634623930313032663463363436333531383064353334376633663930313865
39656235396339303439393032633432623037363665393636396435363338393035303365383235
62616163376135313433363539333761623939626138633762383061316330316636336161333330
63353638323637656662656139643061333534663362626561393235616631656561316230656330
36333438663665653930653233343037343763323931643431653266626638353764336330343430
64363161636162343438386163373966396164623035383231643630633030306164393436323962
36333930323464623330303364343762303131326136333965633763373536373166333235343661
31396366633635386435636533306636653062323235656539316539313361663537626237626138
30666366303465353332613362343433613765363666326666653566616130646266633837386230
61646261356134376237636539363537396337336136613932346539386635343165633365656137
34353434633930626435626530363837303838613839616334393461616662613732356332353962
31663233326431353233376362376437333564336262353462323336306661663634323438336439
32623032346434373465396465323866626635376230626630656239666561613864306535633466
36393263323965323764313434326365333763666531303863623963333162633231336535313638
31643963653539383965336361323264663230643031303137336636386661613466616337666133
35613338363236643931663762663933663939336232633964633133613532303830353839323339
38636532643965623966316330613932333365393663383531363935363738383036336264343532
33633630646234633038663935333364346535363538396164336137356236386532346231613863
36616336373561396235353234366365383465313062393133336439366537363034326331346530
38663738386562333531326566623337393438636461326537326239353835333561373734343339
39303730363734663966343238623161626435353731643033386332646539343538663935323463
33656364353063343537326566393330363132336534656161373837343039373633316231316233
61313539666139346132653932363037306462633732636532376638353231316165613531316463
65636436633934613631393134346434653366633139636333636562626466633932306334653036
35343062393639343232623362376465313163356366653866613337663837336234323130663532
36663835393038616361396262306335323634653331303262303737343830323062316130383866
66316636346336356534383436663936633663363632643838383833666361666239383737623161
63306639623038313463383034643734633737343534333039346438326634666133376365636130
30636538643266376437633138383737643737316132666261306337333264643937316536666338
30633932636534396637333336333735343431363136646465626137353330373333343965393735
38333963616633326634353238626332363639303463303537373564633836306466393935366332
61623464393635336534616663303761636433643437376331303937653863623237393132306361
63653761663334376363613965353939316166373862663862346136646132336437646466313339
65393234363836636165653162633433313935376330376430633263316130303531396166356132
34383561663939373436343630623036386663333534313131653337396638363332393837613135
36653630653664373266633561363135373464653236366366633031323262643065643162316562
36326565653232356635653662303334373938633935623935383231316162383862316435313466
31646534623630336435613134623766663665626131666137343533643765336331346163363635
35303766643733343365323933316263393636316532376666666330373230346536633732623734
35323035646636343235643961303663393231383632303733346338333032666136363534643133
34316261343231393337363362363263306538346132333739653034623330353936363233616238
62646166396234373866646235613536623233313539336466653465303034323532376462336131
36313361326161383362396532373637643938663164666566333437636166663832643663383134
38613532363864643234653836376131656262626638643635326365393733306336636364333534
32616664656534386233666265663430666362383530333130633761313563343937323039393837
30363764366339393636386439353639623532613032393136386637646464306431646437393166
38313561393839303035333930393335306362646637393632646636343064653861643064366530
61663163363430336261316239313436336563393030313838373338653761656633383931346234
34373366323862353539383561313638623937353639633637386638663364383139613562613131
63666234663866376136323963306563323732633865616232373635323064306265303538356662
37343732383566353437376332303461383932626465346332333066356165653963353037623636
33343739393363326136356466613633363935303633313862303362333437343133353063613035
30653235313966326139336465643837383961323330626663613866396566646538666434353938
34333230353530383664656161663935346334303066396466396263613066346339356438626531
32666365373561313533383933613133343730613765663133343634623336646430393165363330
31396663303663386465356365336331353339663865616239383338643664386638356463633931
62313463313162336661663963316433393764373565666334623066623839366236303335313238
65366631313333626665663233666235363666613662373830616432323063663338666235356334
33373861383538313931393835306336336137616563333736666431313664356433363366383437
61656633383065643933656530663264393037663962636135313462323539656362626236663636
33623862346535306166656162356439663435326466383361346263326135336364323432303965
37643032303135326165643737663066383962306239663662653863626138386632656463373533
33653939666564343934623836346136343633373035363062613761313836313937356465393235
31386666313366343165633239323531656332366462363932666539356464643735393661323266
38653766633237643835336432653863653536623634323661636230626537343734636235656562
63623962343331316663373236303534613934333637303332646239393962613338616131336536
31353332383963363262623163346666373039633437316131656161316562646338383035633739
65653634346161626132393339636666346239313432336131303734386364623635666464623161
34373339363666316234303938363132633261323936373562366638383961393963663663396538
34633866666230636532333731346631343264303033663966626635303936333431313335366466
39663661313833373937633232616634383166313838373832626335376665643132326464636163
35316564616564356563643339323530353637623364383865623233363236303132323265386539
61636666656463613231346563313761353735306230303233613933653630653062653966306463
38353338623436313065303439366139643131326465343735666162626436343838333739393639
39386539316438333738623365343333653339396532613632306231323238616561383333303238
30623762396436333636653561663735626134366566623336663236373563303035623731333834
65386230623938333530646530663130396530316232383939646238323835303662323465353566
35303233383765653130393166353963623231643233643437343561666433613764373161616162
34373935353932336435663632326665323363363863653261646132393136396532386630613062
39636439313330663862303365613465306336376436613065353864636337313063376337623631
66323763303465343236626263653132373739643862323266326234653961313434303362383661
34303836366331323934623035623439613930376635303031353734383736343161353039623862
66643464636266653731613962616233333936383639333665303565646330353662623762376238
35313863356431643566666637373731316535393065643966636636336364616162643036356137
64613034616539643261663063663463653130356565326336326366303165326138343261393734
65633932656137396664613438376339663566653833623331363763626266356666353230303335
32353539363663313665613338303961326538353734383735663934373837633830643830363263
33636637356435653864656236633336303862636564366361393533626263343736343338326639
36353533613633663065353436653761636565333339383261666238303430653631623234326536
33346634343664643538656539333933613837336566633030383062663962363938313230653065
35623534313535636436376365393336656135326138663134356666323130366234303431343931
63643732613734363661636665396530346330346331343262356664656232613735323635616437
65656666393462643763666131346436626532393038313231376137393638383130653965656537
61326439353862303638616163313663356365366631303730303131663361386237336539303963
36353831363763626231306637393932376231313631353237373863636661656562623466333732
31316137303965333232383366653764613063623132323066363166623561626635383765323532
32346330393439373263656366366536613434363132663865386663316432316437656361616339
39616130643832343061303762643863346231306166363830316138336163363661343435633235
34333564363164363938616464343563656232643463303534653230393965373132643433306337
65636430393834353931326230366666643265363130656435323631663137306363346636373866
33363537313733326537336439643038643138326461626464363462316536663163326139636638
63663665633835303266313135316462323131666237663038336562626464376464653166663036
38346566616564636466303164623639373437356161646463656139393332363235643733393364
62366336613038663431353636316165376662323339633235326531636563386262643833316537
33646165343635336136633830336461643432363537323330396161653930343235303231646437
32386362643735323439623938366536343035653533666462663262623936393835656430316234
63316162653864643661623662346564373437303339653932306532623039313837316237323934
32623166623366633630326136373962313834653230353762613436306165313633306565383938
37633739376530346130626239646230626634646361353334343036366532616130356138643139
39663034643132383537376434393530373864663932656266633030643963643165366363616635
39623335626136643037653634353830386139633937646131396539633261373831366133363136
32313561656534333433653535626331353030323535646434633936316536343264393236623437
62353730383662353734636531646635383037326338646536633464616131643666633964323836
61343235353635626537373133346532383536333636656237376637396462393130363032343331
66366437373062633335613863653661303437343939653363396235303261303536363834343634
38613234396432656164656139653833653035663433616664646564376461323431643862646536
30646161383039323539336364646163623563633065653163633333336466326237343664323136
61623136343532303462616238393230376430346435386137306264393962393335323339613864
39353739313634626363356539363864316331386238336333346332363138373539653362613761
30313832613035343038356535336361323735643431663435623131373163383037333232303338
61393264333537386364353033363565613339343734326331613236623764393265323337366164
30316137633939396139363636373061636235303531353130313133663366363762653339343032
36306531356137376335323463376464303435356166646465336633663336656164353764663765
35313635323233326233363563363431303137663136303833633033393564393839386635306134
63616631383665646435366135303964636266383961323162663963636561356631623963313361
64656635373733396263383236613761353130303363386630356634396538656434666162633632
32306138636465323931653161643064623036636165353630363363376662323263333038353330
33663633633835613536373336393230646362613763323766346434613231323232626363366365
38353635386632616635333135663463616664613565306266646365356231393166376338316436
34613439633761336530323238356161643964643039643066326237333331376634386664663938
38356565323634393534396631646430393834323331643430313630653535323330653530633561
30376662373533393964356464646334303435623138353763633764383735303762356630333636
63373133653661376661396565366432313339626236363833373262363230373033356238393937
33373835636631616665613063623335663166383439393965613938393730386462353065326137
65356365323766333765313234356430656133313031383864653031326361313463373935313965
34666534343937306232323462623137653765343235323530323831366237636134326565383261
34666631396536623531373038643932633938633064663735643963633131336364383730666235
39393039343231396365646431326462366435346466623137616462636462656539373135396634
63613837656666323732623634316330616431653465356333643237666563336232383534353561
37313363616136353336366538613263386662343933666461363130643464306362343565373066
62626233323230303938343361663737613232396434383562323437343464346438613632373265
32386230366637363765333834653236376665366435373237306465643562666137636437313832
38393332623234306137393033383432643364353761623135316530646631346261623138343036
36386530366564373963343534373062656161373864383333633538343835326230336636643265
61663931656463306230383862303466656237666463646130643539376234323762356137653162
66343863316666326533636664663638393435656462323837343833373665636536306435333839
39613234303233643861336166303062333135363061333337366232663061636462396663373161
37666462343562323336333435353433323266323161356235386232626563376230366531393737
61386237373562616664323566383165646162323964633631303461393038653161643638393037
36306162386336353333656261373562363562636430306365343539353039633931396639303866
37373937323731353936376666373365313339626134326633393163373434646636623238363165
65336230393636333632653866363861633831666531383462366639656665336165323836333439
34346435386262616236613963383061373938646266646235396632323633313262643265616231
38363237323235393264643330333639613361636130613963313434376166616464656366346632
33396639643166376461616330313761626333393036656532613566346137313361393039643962
62303035316233643431306135303564626561633337343263363461643731353939663461323432
39646366353963366365656430613661633336303933396237353666643933643162396463323138
64326536643563666332303365656338316132623165666164333139383133346166363131613834
66303635626534333966643365386430383266623936333235613435306561653833643935346634
30636638343331323637306136363535326362383835643736343631393536336330646163613337
34656165393836303830626537353536346365396462616432313635646666303636303036383531
34336438383837666333323739326238343562333164653736643463633535316635336261623934
32376438656131366233666635646639653935376261383830306439636332313265323731646130
39363935613530336232393064626437383263373966346165346436333536623335333632626632
31626461393364633039326538373966393661346161663865636663333735616436303035363239
61323338643233353331376632303435663064333930643136666564363933633361326431336233
37663739626434626134613033613963346438633637366366303865373533326239623337383666
35366563653333643061633838636630366363643362333832373434313461666137633630393337
61626333653062333263363766653331373831333938346166366633663165343866616634623432
61336236356635366539326161326130316163353662636465613831356632326662393132623263
63663164313462323631346366333934636466663830616539326262306534366461396531343534
65636661383530366536636533376535363135363766396239323064303237383032356464346338
36623730343666663263366531343566653936626562396332623662633933356633383161616238
39303030636366613031383039353330643531616330373266346236393039343833346663666661
36363862393935393662363761393961636566393866383133336363343733306439653434323530
36613736393735353335653631363562353161646563363632396231623962396432336430373036
34363035636135326532366435353231613436393762353639663030323761343137376637653238
31393737313739633133623731626237626339346631613737653936333033663137386130333661
66653062646166343031303163333266366661636335396238656436626533636237616535326336
62343432626565373661313639323131383237383836643662326466386231346636306138653134
30306161313131366466373538623433623938333662316138663038396634396162383533363038
65313332333730656531323430363839336465306339613434373334336162653337306633383539
65326535396637383239663435323762373030356363306434626361353562376335636664666637
38613535313739616136333433646636373732376231303831666233323166343730633636373839
31356231383130663937383038313766346239373361646630373136356538376161616564636139
32613061336136363066386232643736316132623134393235643135303434333134313764353334
66663137636131656634353339353134366337396232653663613563383863623933643439616161
34393231306231313464316433646232666331363865306666333664663239373537323335326331
31656464356533303063633466326666316239633765663137636535653466303030313166356134
38376666343762643638626330363138306666366634386666646134383530643737326432343632
33633061383937353061303339333436663131323337633964366537323734643636323239393431
64386666653831626235303530643338663831663939363839333239333936366633323634376561
64633139303939653930323033313335386436306134343630323839356335373532316537326161
64643563323233336436663964353661626663623564616633326464353265303036373938356538
31373133633837363138333039373637323436653565636535313165393139366631363164323930
62383335363937373536343462656266353930323064653837336463616566313563653635313534
64376535363632396362316230313539303961656336306439343064326235373136646266616336
65373138613266633963646130306564643331666531353836376163343333373931643836656137
66616166323937666632633563346366343662613562333961643236316634653436373830303863
66323165626432353537336636393331326335643164363163663961323935623861623236363632
66383231346137626266393462373661633864353333353366636166653062306436643538623566
62616130646662666165656330333131316261643235363738666534353139316631303336383533
61636433636166393465336533373762393331646539306539313830363637343734303763343431
35373066323062626630323035396162366564666331343632623130383966383834666536393665
33643231323762346133306164366663643739376665353366356238373832343135346635653465
35366535663337353031653762346661643632336464323866633037623064633465366439393663
63306334376235323436373133623162316666626566653664306362663631383166646462643237
35313932303733633337303661343936356664323135373835626334356632353235316432366538
33633438666366306265393938303436353638333836396238313864303761656335613762343635
63656635623835626630343738393264383930633439343231656234383830633165656134373735
61636238386165343235663038636238633862646564343935303430643161653935366435353662
35326134326662613562323361333961326339643330323566633766366139666632633764393636
63376638626637643234376163626265653739393764303164626161336264306634326334343431
37626364613066346635366166373633336265323839343634663134346432613439633832343561
34323932316561643537333266326331396634383031323433383339653430366435663034303935
32366462303538363765323132323635633338333137366235383139396565666232363139343230
33346262323466373739303930646630636366613164313862343463373663356238663333333261
65343932313639643465633335333738663233623563386339323837336433663739356233643239
39343834633961626634643265316635646632656430323334393438643334383431636363306564
61356539656139323038623634613063666562356431666531633731316232326461633064633166
32346233393461343333313165623033333366363765386437656364393464373936643962613631
66393065326462373061663833643763363337326534646333313935626362623936326466373063
30386230333433336362353534363331386330653866333530303766633831363261373364663532
34333763613963646132353365313235663835383838663434626465663234333563313162326564
34613862616466633164656261613933633031613738363564303832393638366336333266616531
35316632366331336430646136383436343737646533386134656234626435663662393565313535
33363561393731363565383833653361626331393262353532613239333936396639613336366133
33323534316162373837343933353738383935346666363139386465323436383237616239623666
37643833323333383837343965643436303563373932333533636630393965336463323636386534
35383536346430383739616231646663616663356335613764323332356161353865373434333563
66393038663731343166656666653837613632393637363332326561663735363033386563316132
37326462663761393636656635316463653364346330303339633661666633336464636462656661
64616332616338653961383133653739373633343438663531376364626630383262333233393431
35303533353633646663653165316239663135623432356263393238326463356261613230653536
39303434383762323762653061643436386439333563353963303333633063323635353837316565
65336439343639666239353164376538623030386663666135326664653930633762643365653431
62303132383132336566376466666235643739366234666139396634356264633037643665623237
39306333343035386431646462393362656439613737393539383639626435343234306339356438
38656439623134623664613238613863633535353539656562373335656630373438343266616635
61353166383433656530653363346364626532353738386162383531323238613538386565643135
62636664653035363337613533653738323134656133333566376361313562393764636438646336
37643863393666636636333833313664656264633065306661623662346132373237363832616533
37663233336139353933663931613364316537356336646439323963373431373330396466343331
61356264626138646366343763646131623930313363356266343533623334393161396435393636
34366636336664326336323230633933613538623663316434646636353932363962373430653661
65346136363935636334336433646134363662323064333930633833383335386134343835356435
39663239353066393861363963666165316333343564316164393037393864373062383063336366
63616461313139316665336263643564623762613033356463316263366638393539636133616533
36616335653333326261353037663934366339326564383436343837386230326436323333663633
62616665326631626133666235646232663565303564346562623962383033363262656363313163
61316637333734613331326432373138323832633831636661313265393263353835316637636134
38393361336635303231303134303238613532366531643036643761663965623633326562343766
65366564356664326566316130383362623738643861373637363462656530336536386630656531
38613938616533633064366539346131636663363634386562643935356566653036633236383238
64333430666561333637303832303863373564316435386539643334633736366632373233363730
31646664303262653162356633643962653931396462633230646333646636313766363531626661
62373732346633366235623431643235643931373062393864623634333130346661396334656466
34663066623137356264313862343935326633316161326164633266326539643864633936326261
39373136636632623862326636363838633638383839323937333932663665376563363264353034
64646364653962353832386131303430396130383537613665373466376565636234306431316138
66306361343536343337336366383061353838313461343934633531613732633539313132316337
38356333633337626361316636653635373930336638343134633534633965363061313439333837
38656531353934356130346261623066646536343135656564326431323533353433636631333036
63316564613430633835346535383837643136333862366139313135316335336137653564626437
35343136653131616136633539376530353066383965353036356161616630313533393765396439
62623561373463663033376562353163366631643364343937386535333130653639613033646263
36646130366438383762393534646466656634303830306435386135363530366261623334613436
62333837393463343962343435363735343835396363663632306432313465633232616264303364
32353362656133653962326137363034336161323031653338363865333834303439313736613861
65613730383936336361313834346333316666383366623037653536333965393333393862316230
36663132643036646538656665353136343566333466613532613561343137353836313831306536
35316338326664363032333833393532356530613465646238656233323538633436663534303266
63343062363133306131616266333936333963663131646130643133383530383265636462326335
65303864386630626461393765623837623930396237373634333865363033353432616265393663
63393463333566353731623432323830396565343234653335653864343463663462363533393761
62376534353832663135343634656435353230363435373839376365336137653632336139373833
37383233623761646564313163653633653363323237663135323836616233623464393637633665
32353936643138313636646165313130303632303037636234613438373266393136383764366135
36613435613264346631356263303432316530656137666338386434666531303832363435626264
34303039616466373234666137303530666533353663316334663062316661396334333766353732
37616635376136396632303362333537616535353861376239653234646237313231373535616162
35653763626562323436616431336162636638393831323238626630343464613132336362393062
39353532333762393531336337613262666339353133383164613630323439396632663333306538
61636132626638313461386537613335366433633236656465373235313465623862393632613536
62303164323037646533646262343065646637336439316137326137643037303364353262613662
63343735666664356231346461663933356138633064323331623130343466613436656638653133
38333164636432363835393464663033623639316231373538393437376161333961343935323038
38633435373032363939643936346165613134353034303362623834323637663337626565396161
38623264333431306332613465306238323339336363616639343037633331336364633636643235
35303865366566626162666162373831623264643533646438366539303831366566363462643764
30373732616562653833613231303637363139306363656236666163303566376130656632643761
62633464376530623834643039626436313361353364616436303061356262623934316130313166
65376631353933396535383937303637396138386430363065373266663330613739383232626239
38396661336563613832663463626439383361653163326166373938336537323062653331643062
64353230323331363836343966353834313165396638373535636665633639646463636231343232
66393865333662616332663434373637396562613463343231393363353563376631633936643061
33373331376638656239626633633562643031656134333134323337653762383733363131386466
32316565356436643165376433663739363730303834386161373431363435616239336566393330
61316237326332616465343632323432373134393536386663303234386161656430353132616366
65626664636632393062623138316430666336353766323831316134633661386137363366663634
30383736356339393134386666343132663965633064653566653462313361333634343661653435
65343831656131343739363866366438616364666433303931666562376665616438373533656561
61663938313637663961663139363334373332336663383932393835323730633964363964616163
35326537613031323061656234636538326335633733306135633237666161613738386232356161
35666639343632633631353738316365626463313438316362313234653333636638373836653465
64383530316437633863313762653534623464303063646432323163346632343131396134633434
35366265623661663537636664343365663335333433356630633134656434323034396333316233
36366138366234656139623936616234343732363761653061356462616164346665333833636532
31356535323332353130333961343734663637633839306162623264393563376430643538636161
61333338333735346236313061316538303936343933396561356130336163636332643563376330
32636161306433623361646366663862306366303032366235386238376634323562306231636531
61353931366334633061643163386137373462626264343964633030343134333332656337383932
39303036623661313031623633666239393939643761656134383032376666633039393333666536
32643162643864396137666535383133333666396430646166613866666238346630353838366530
37353739333738636464386162663766366366666138383430633862666337626639646262383536
33346137323839663962616566303533383564366330376163373136633837373637626263353433
62356561653261663861383935653039343936303061393231663866323039646263643233326331
61666561623163363466356339663031346539653530656530326565336237653336623866323235
33323463326363333533666337633831323935653962343937666536333634643539353739396633
35386331336635653634623664303163313737663239306166613330303435376239646262663538
36663864623939626336323733376563396237623931303536633539663633326130366662613832
39363832663638373633366536303465333232353531393036663064663564306461616634623837
62666535666133633462653836366533353231306431636437323237366632303633633161633238
32316664633338343035356530383434326661393730656562343433336531383463343038363164
62656565363531663335623265623861396463376466333666656137363536323534336161393061
65366430313539643836363761626632306436666164373031343039623866333062313639666466
32643538646431323431303932316532323930366262633232613062653032396435356236313731
64313763633130343030326337626161666239373862656265623061396336396534373163653733
36643438393563616136396134636439653334616364653065373333356330303463363135366339
32303765626263306464396264633832613966363333396438653930316637373234376465366336
37356633393439386434646565383364326463646232626235626130336661663537633632366564
30393862336334363962313939306532383232343131383233393962366331333135363238326238
32326334353466343735616537353964386464393133363932323239373064636134393763333462
39333137643465346535383333366438393435316333623136663835623730383166343636643635
39613731346166613536316164366634656535376462656462626366353564633336666135306165
33666536366139323963396434656536343663393438303637313466333061366666656638306539
34313334346266656531643662326237343333636662663066353264643137366366363135386538
33663730303762646433336236656165346464623061326563396134643464333034333938626366
62613461373831366436373933646465613736303862316233373536633636333166656461613435
33353663323832323334326164343039386661643637616137613131316264343730386634363538
62346166393038396635323266363261386639303539366431346332363033373161653038663062
66653937353531646532636535366232633732356338313738376134623137653933323034393535
35646430396533623730666434336633303637633937643835363536633431326437353933323166
62306231353736366534613732313165623562656161386533343264636332386332373239623361
63306336336165663530323037353932316238373535343062626439396139663536356330376231
30623639646263396338656333613630356637363135666336653535373466616538383065306233
62316363343935396130663934326231616639316231636539646535363037326337373932363435
63313331616662303139613934343430343934363065363165343439303036303363373634616139
65323936333635613639303134636336643365613664313864333865623962643838323262336663
61333835333135343331623066656333336538356664343538663965656565366433353635313961
65633935303964633039363464623663366139383166323432626236313465356437373334663032
36646331396137336263396137313930633265356138313166333636313235636639636130643539
33343163636362616137653835643734353265316661653463633431613565653333326664613730
36326439363930306565663061306164366266313635353666333032313734623239343135616233
65323264366436653132393630393237663837363531366233393736346366363433306261303838
30616534323135323134613832326631346261353764323239656463653632346636323238303638
38666465653531336161613137656166393161633035636631336263393234623765373138626232
61626338646461333532333161366538653633333332373661333866336264346264363938643738
33643634313734656664616332383330323031356536616464656561303937626163343231313762
39323639323531386232663435626235343164623038633032303130383465306139363462326635
39616261316339636334386561656331636433663638353062656666656532313338656362333133
33346561376630323936336266373839333930373738646466303331636139626335376162653263
66623434643637313266343665633634346234363962376165306135346666333063306139396236
64643136643964313230663437626133653466643134623462383764343435663362613563383763
62653039333030303033316335643365393435343165613737663131353332396130653331323337
31663562373262393266303835616163323736636531336564343861643936303930326263636437
64346337646231663963353937343433636438366166663639616336623962326635353330316136
33313165363933306666313762663239336537323938613866343738666338323035656430333732
62323530363631376537373033333965353532646531363535386531333963316438396632626332
38616236373438656531363935313530356136373361316432393730366239343833393734613931
61653061613831636462313931356364353636393961396233313137303632363363356639633133
62333865383532393934623535643533346466393235326335656266613330366463386436653066
37353435323736646333356465373934646163616166353732623631363232396636616537623264
33313639623864663662326232306465363835356234623731643762333866306637303862376430
39383735376565356438663766313765303938336261626335663135313734306230303038653133
66323961393236386165313461326239363830363734396534366132616564366530633439623461
66383639356138326631393065616232646330396365303366646265383061386136333631303737
37636130633834343365636431323834653465393036646365346639313761623566643235343936
66666336326330306465663362623138393430623838333530383339343532356262313265316433
39303633323065306566323261333333336438663538376333336631623938353666353938636336
66313364353536656563393861396464313463313130393462633931343163326534383765303031
30383038353438353830303062396635633036306633353139346262646663636539356262346262
36333137626563353461323166396462363364383735306239396634343633373034343136336137
31666230343430383138333338303839646432333863653033386333646563623762323064323633
65306533653064633730313636636363376238353562363731393738396132383833376631363564
39376333363033363465383335313236373034643234636533623262313539623262633266343265
31656666663330313265666132326638306130633934643034636633326464643363383965643661
62383465663338646231633637373131636134303132616561356434333865653132373365613461
37663331623636643933356539333764626262656535323262616562336339356535346666393361
36363761393938343132663566663866653333646137373135616665643062643431653837323564
31356162393262623832653231643562386133313036663063363234326461363765613634343237
64626166383030363332386132306539636432316430646435333038316261663437373239656333
38383461663966396333333239303736396566346533643465636165366266636631363361393230
30363931616334343030616231623762333639323832363039623631303765383861356231313666
63313231643163666235373565616662303665346531653333356439666333313234613939383635
66303265663265343435306261643962643731336130336165373734396133363731333263613031
34626162353830393165613861393465386362663236353239393838633564393562333362393163
66306632316561666431356438373061656432666235373039343363313937616361346236346363
39363161386136616636323764623636626230363434643462323033303164383533303137376335
36326163626464623039616134643565646165613661653634316666303563643361646366393735
30663739623165343735316533323662383435623861613035376264633865306462396264396630
39663831373139383166613331366138303763643633333366343064323164393939343637643834
36386636613566633631333366653362656636656464383262326538623233306134303137356535
30396162393230343362356632303766373639343931366630633366653932323332326465343234
34306234656431393636643838366234393061376264396534363337306463383036386632636333
36656563353338663730363462656137376437643862633136323334393133643561363139373635
65663536366237653433363661653263313461653861646330336138336631323735326631353639
30376366396535663330343131666265336263643933623731343839333336313765353666633532
34333966663864633539633832666237346337646166313739326232383934663536313232623830
65663831333966393032346666393361636665363439333764653161383830393562356234316435
35346362346338306266356238383133396530613237373261363662373466366465323230653635
36643634613535643632363664343063656639323731643631626161333161393931633532303562
33656165386139393561376536666338356137643530613332636438306564343361396163343439
36376565383437663763366566643932346632373630313631373736333261323637613335656661
38353865303361393562626235666134643537643362356230653738646134333736616334363636
66343639373436633061626265623431623461376164383065623738656233353565366561613236
37613435666434393831353630333732616638313136343233376133383965336139386535663132
63633764383264303632396163636638333837616536623166393233366337303038303034623234
34323263326633623136356632383730393732346334306261373336373166313665393831333061
33643539346237313836663337323964373062366333306635363830346466366364313362316365
32373333396137373434336165643831666566653663316262343935656661336366333933663063
33636663646632623562303066626334623431373135343639353733626530333332326664663861
33363037656564386439633166326466643938363364353965303437303538363132666462643837
34626632643437326239306334376539393433363437353934386663343333616361373236643638
31356331613733353862346134323031376232326465356265333231633036356231396539663833
38366361336438323739623339633932316632343334386136396666343738633937356331616231
30666162333135646662663634376362316466356333623439656361313531313962663161333636
33343635383139663734393137313766323663323231393036666534636362616466623963646562
38633135333832626262323733636136613534336664303534396331663431383736313461386235
34623737626434386235626361363933663961383436343639373937653531393138306436623261
35393564306637393237343863383634383831323764646237373832623763616466326637386239
37333737626334373134383438663334326533353038326630386563326531393730306535616233
34306237386162316532326135376565616236656361363733353338333536613335663566383831
31633132633061326135653361393230646366623862336662383830383031323433366432313239
37326364643564366530333834386236613136303739623430326131363962366164373534376334
39316131326336333561336430623430326434333439303836303865653761333436663638653831
63376634393631323264343437353039616161663261343663313732393764343464646337336265
61333539303961343737396433393536616662613236666663306165626364653134356635613031
61633764643862393335356533313031303730303835306566393533396163343739373865643938
32366331363038323966383533376438306633656466623134326662376464613536333035333965
39633633306633616364386134346330653462613464356139663730326464323766343832366238
35626565616339386231636531373764353865653062386239663963356434373438343330633862
36313736343139646366626434366333646261376137633461363837366539653361653135643936
63396531333666393131316539363262363865326431356232323735666235663638623931633536
61663833626339613935323230323434346436613534636262313236396161333133386461633064
30346561356463353236646464383637376463356539333733653465613232663433653633316464
36316233393364373934633438643237376164383937623835366636396461376435303666346365
38656137353438373862386361663462616363333563646330666166303639663138633537373865
65333532383562613037366532366137333362393135656538633462616430323563363636326537
33633836616634303130616331366162616136366132633962653836376131613839623938373066
61383634653231316138383737353466313736306333323237346666326431306631613333666463
34376333653238656133396438366161636362323435363165626633383763386434613663316535
32656132393362636362303930376630316132396462343236643139666335643634306563626535
63653734643536316661666435633939373231393334346336363937653166353436313334323163
38326466636539333336633962636566623133366238643636306339383265633535336365393136
35626435623538633932353863643835616662333732386233343038613236613133323565383531
37333966313533396336343135373465323130353538306635356563653833663963663865643333
63376338613537613461383163623337643336333031303434656339373264313237393838373163
31303030386330313838666635663934643937303138616331326232306535323032303237636663
63313439366436376536666461316263646639326135663665343065346664303839663163393833
61623135626237363036343264383931633631613765646331373535306130633132366463633963
31666666383736653062383663313436343863353065396266663733333039636233633266313166
62653234623239633339343061373032386434616366656331366663313734363531316531663431
32346466353362333339376134353032393666383433376133643263353838396565633332353033
30626561643366663239643964323434396230653937653262633565613464386231643162643433
33613533336165326263633334633562353463636463383533393534626431646564646362306164
34313439333763636363363431623639333866316665376666666266643265383037333933646335
65313734623066343464396361303665353439666461393138306436626363366437313030326261
36333334663038343033663266663832363564666439643666383537336538663938383966653866
65653139326661373430336434373466393562663230646664376333626235656334623561343033
31373735303834643965613634626435363664303430633634373835383939356237623630666366
39616262306534623264613939316535333637373537633562643739663136626437333763613262
37303263376432623632326361356336393433313966626639366633646431396532396664373837
33613965373138653734313131653664323261633637343564376533376239306164636439656535
38346635343866623635656532363862383065653233666565363733326464356139323334626332
64323739386262323936373333633537613566643130373635333033636661623135343931316230
66666462643634626234303130636438363336353938643832386533666433333761633731643961
39636137646239396165633831663836636335333863613838643661613831306637303134393362
63653366373630396630366463376430386262396536373334613235333138323732343733623937
66386535616239343739393166393761376230633338653136376636383337623339646461636661
61313032306134623233353636323461636433653239353066303765646437616139656232346663
63346635373538326337663236653461623235643436623936383930303863356261386538346539
37663439363539396230663531343062626663363236363430373662316636396231376538366361
36666237643965616664653664623966306664303763333839373131633163653339363364656265
35626664643230316334666266353638383338653761616663653437353766326637396635303736
37616231306337623936313132663835653966313035396239303535316465306265366633396462
61623632386636346139643736666233376534306566363863656362386132633863356532373030
63633539613265366639643163336431396230613933333636656665633637346663623164623639
31633765616264376130643964613663653463623666303830666539313964313435316365353335
62303233383432316639643539323134383465646630316531366236383362356235646335393735
62393735366261346636363531666165396537653761663066633037666236363861643533333831
65663336616461646161363134396565376137306337623165396538663464343465373864626232
35373032323837303332653632613362616565373662346532303834303330316630363165663563
37376631613033353465336366623039383762303638396536396234386233313832333530353537
39396662346436656666313162303339336536303434393838663038663230363262303639366130
37356163363837343834396263303766353564613833373232333331383234353432363130643636
31383531396663626534363862306562646538636463643861363266373939663465373238326431
31333662383531323438663564386164326232346361633566396564313164363330666237366535
62396336373965653762313964643436343938653465613364356139333066356237316633643639
64383835333438363835336565303265633336333737623363333561393234303630303464356632
37643338363737646466336330373436303466373432343335636132316638393430393936396637
64656631663862643036316133303666333839343565393730326662623362623562383531383762
35626338613064613535613430353536646162626237353939386331613364336238643532616266
31663063343865363639366535383632383338343366663463366231373730656134313734336439
31633065353130633835616262393263373731373264313331636562343634623234366265373264
64333261663662363962353637343730623536313537313563646664336364353739666232303565
65613465356432333530353935633164613762356137626430623639316637613133326230383034
66303239386361646235353065303037613830633137623636373334666330343836326462376637
61366139633166353461366637323365383365336435363535613264303465316439386539313961
30306335363137326639653836613739346164356138663563636634356366313563653738333765
66333266303162303961313032346339663339366136376665626434393463393865363838323230
39356438306430633536323366303330616636326630383766633033623766323665313465393961
30353532613538393264653263386166316462613566636338303035643866633638353465353962
64643839653236313833633634663363383165626132623037326634626631313163303030353562
38353830323638393031666666663138303531356561663233303333376232643566393165353462
38646161356264323835633661313863653063306161336162343661653838646233613135623030
64643637383130396339396637333532653436356230666164366665326431343232336165303766
64356333626137303532383934303464616365623065316636343033326461633437316133626566
36366261653338323631383832386430393030613362383735396463636536663061383933656635
32613065636139626466643833656361643038326163306663613137633432313833356339363734
30373831383735393964336131613764373465316638666433363135336162383331346538343765
37313731313164323137343431303666313861623730623330643934626436613436306231393637
61336466333961666330353030393062356163323862623866376438666534646466396363613237
62346131356635623931396433643830656337313339316665366330663939656164303636393663
39613431313738306237633561363132393066393336313738376663326634383735653739633266
38353131366264363839393832373962333732303433356137356365613661633438623163633538
34383764623362653637656362313333323763643135623435326130616533373963303237313735
36343032656537636534323730653766633064363237303233303533316263636264393735313539
31363363643134303666363337303030356130393632393564393565383532656666383230663539
30326437623233373534393037333338656566376664343364376332303561336166643233343061
63336466616466343035316335343265333636623439306161353930373633323266656465333233
30633038306663616166313931653665626330313331636463663662303335633662303531333637
61623061323732653435313566343037393239386331326165343363623938343437306133343566
33326162333835333164333264336439313962666137336436373264613862306461363937306333
31373435306136626133663564323862653633343233656135373466646237613132643963626465
35373561333561663230383537316534393832386530363736613461353966303263646636636431
61643862646237666638396166616133396338373763373933623461383762396339373366366634
38613364346135336137326362336439383238393034366263633765393437376531623930333564
63393530663934343833376235616432643733366165333935623864303263316137333135306136
31363364666562323461303130303936353137363164616331343635393730653166626666363337
64373837393636663363656533353437363935383336626135393231343964323330323763313764
64656365613961663063613735636435313939633137383233393732383933343565646636613839
63633139396431626238613165636334396236613566303234643933616438626266333137353266
36336430666135316261353732613135383230336136313264306435376463383437393738623534
63313565623834636163613361653634643066663436313034656636363363386634363433646131
38393232363934376664376132313661366665353963643665613036313363353531343839333937
38343132633634623062643839616263383665613036393665613337663136613935353337386362
35316637636131306335356438663034623639393530393934343138343165343437623136626465
62373663306631653934323830643761363362396631306365393434653538633633653531353861
35356631646539396261353066356632373361643736303535376461633735376238303537343031
38326632666435666662373638323362396265623933356235343035343966613638303762393730
37626338323333653435666539653366363339663363346566646665336534303835353061336233
31613838326437643561653462373838636663396365393132663465336235393134313735663338
32363066366431626661366134353531623238363661656135306562643733336533316134376234
36633137393463656163363664303864646635363131383064323030373930323436396561666166
32333661383237653662326437316132363232383366626565353936363764656635366466656332
63376166333638343736343537653130353134616266613761306230613831366638373935393237
65376135323462623165373865326263313231316362343562336265643730613763383037323235
39393030393239373032363633636432306438643637353662336635356236366163323164323838
30353862333532383034316264643337626532343338393466383563343166386533383966323162
62633432326665613263653561613362386230396565303865623161326334333265383938333634
66306235363932376566346261626464376232383831636633663634393662363338353933613934
38383039353338356236343264326465313236616436636239396165366139383233663438393366
35353938306662306462393737373265323764356232336466316636373338386636396432653037
33326135326366356462653137633534343637386166313530386163323633363730396335363639
30303137333466623633626133303538383662396666363437346262333361666439313734396335
36633234343637313261353866663239653139353032333266376439656266663035386432326435
39326631666439333763613437616332616463653261653835333832323034376434376664643734
64613364663738356664313665613361383031316535363065626661373966323663346431303231
38333965353835313338313435366431663261386535666231383066366563633333353135366339
61393334636364356532373764313933393030396138393331653637386233373535636564323233
31346131386263633630313435343463656330663430613836353135373365333733373037343535
38616634316437333365656262376638646462373064393339323335643164636538383737616461
65386632636535386636343631356162326165383034353265353336326531353534613036366434
62363635353236353033653233306337373937356566663462393538316565363364613062626664
63373066326134336266633930353935613165396438333066393331396539373465613332303762
33386164383165326433353239633631613337663538643566373935356563356536393866333430
34643933656531323839653038646434643263653062313239663631303536346335346530333139
34663966323663366561643934373130656633346562653063363463373133313061383465653164
62316134613330333333303137653733343461613461623037646465313162633465343834653261
39323466313764386363306339663063393261663766623038303035653337303764383964323338
34623237383932373064363761633463646261373333383864636562323562663864613666663863
30666561363362393663353734323663386433656639383139326233383863393234343665643738
65376666353965613837373862636164333663343561383131366532623863326233393032663365
63613835306464363436393936663439393163643633346261636530386635353665356337396265
37613462393866323230656334356532316336373233333234656239363736366331633834636436
33353134626264643163653235353532346661363730623161343166353763333834626330383531
35636238636437393132633936626661363432356461643865353865396161343365363231623639
62393832383363643735333032393438346230306463343261363633386237326534613462326230
37363436303731353365353439646630613663636538343466663566623164643433383631373764
32303830646531663762373565333132393537373265666633663234306634333861653064663536
37663638643334316231396232306365643932363334656135356230386335613933373161346231
63363865396632393431646365353664633133303133636233656232313534653061643162343335
64366636393039666437366632316332376265353434653266663561323936363932313030373337
61356538343330333766613864306431663139336366303337633666396335636233373763323731
63666237636332613639353730306132363230656465306665333864363839306438323465386238
65376632326164306135643631646130363165336663326462623633386666636664373531613339
37643031353063363164643365363164366537313037356561653338373435666636
